Year,Month,Day,Three-hourly observation time(UTC),Temperature(¡æ),Pressure(hPa),Wind Speed(m/s),Wind Direction,Relative Humidity(%)
2019,1,14,0,-0.1,986.4,NA,NA,81.2
2019,1,14,3,-1.2,985.7,NA,NA,79.9
2019,1,14,6,-2.7,985,NA,NA,86.1
2019,1,14,9,-2,984.7,NA,NA,89.6
2019,1,14,12,-2.1,985.2,NA,NA,86.1
2019,1,14,15,0,985.3,NA,NA,71.3
2019,1,14,18,0.5,985.5,NA,NA,62.7
2019,1,14,21,1.1,986.1,NA,NA,64.2
2019,1,15,0,0.7,986.5,NA,NA,65.1
2019,1,15,3,-1.2,986,NA,NA,67
2019,1,15,6,-2.1,985.6,NA,NA,56.8
2019,1,15,9,-0.8,984.8,NA,NA,40.4
2019,1,15,12,-0.6,983.6,NA,NA,84.2
2019,1,15,15,-0.9,982.3,NA,NA,86.7
2019,1,15,18,-0.4,981.2,NA,NA,80.5
2019,1,15,21,0.2,980.2,NA,NA,78.3
2019,1,16,0,-0.7,978.7,NA,NA,81.7
2019,1,16,3,-2.1,977,NA,NA,90.4
2019,1,16,6,-2.5,975.3,NA,NA,81.5
2019,1,16,9,-3.7,973.1,NA,NA,86
2019,1,16,12,-3.9,969.8,NA,NA,84.3
2019,1,16,15,-1.9,966.3,NA,NA,80.4
2019,1,16,18,-1.5,963.4,NA,NA,81.4
2019,1,16,21,-3.6,959.6,NA,NA,96.8
2019,1,17,0,-1.5,955.2,NA,NA,92.3
2019,1,17,3,-1.3,954.1,NA,NA,92.1
2019,1,17,6,-2.5,953.8,NA,NA,92.5
2019,1,17,9,-2.4,953.5,NA,NA,96.1
2019,1,17,12,-2.7,953.3,NA,NA,96
2019,1,17,15,-0.7,953.9,NA,NA,88.2
2019,1,17,18,1.8,954.4,NA,NA,73.3
2019,1,17,21,1.9,955.7,NA,NA,76.7
2019,1,18,0,0.6,956.8,NA,NA,84.8
2019,1,18,3,-0.5,958.8,NA,NA,80.9
2019,1,18,6,-1.9,960.4,NA,NA,78.8
2019,1,18,9,-2.8,962.9,NA,NA,86
2019,1,18,12,-3.1,963.5,NA,NA,90
2019,1,18,15,-2,964.9,NA,NA,84.4
2019,1,18,18,-0.7,965.1,NA,NA,78.7
2019,1,18,21,-0.2,964.6,NA,NA,88.1
2019,1,19,0,-0.1,963.8,NA,NA,91.5
2019,1,19,3,-1,963.6,NA,NA,94.2
2019,1,19,6,-1,963.8,NA,NA,94.8
2019,1,19,9,-1.2,964.5,NA,NA,96.8
2019,1,19,12,-1.2,965.1,NA,NA,95.4
2019,1,19,15,-0.4,966.1,NA,NA,90.2
2019,1,19,18,0.9,966.7,NA,NA,85.5
2019,1,19,21,0.7,967.7,NA,NA,80.7
2019,1,20,0,0.3,968.3,NA,NA,80.6
2019,1,20,3,-0.2,968.8,NA,NA,90.4
2019,1,20,6,-0.6,968.9,NA,NA,92.9
2019,1,20,9,-1.4,969.5,NA,NA,94.5
2019,1,20,12,-1.5,969.7,NA,NA,88.9
2019,1,20,15,-0.3,969.8,NA,NA,85.8
2019,1,20,18,2.3,969.7,NA,NA,72.9
2019,1,20,21,0.9,970.1,NA,NA,85.7
2019,1,21,0,-0.3,970.4,NA,NA,88.9
2019,1,21,3,-1.2,970.3,NA,NA,88.6
2019,1,21,6,-2.7,970.6,NA,NA,94.7
2019,1,21,9,-3.4,971.1,NA,NA,90.1
2019,1,21,12,-3.2,971.4,NA,NA,89.2
2019,1,21,15,-2,971.5,NA,NA,71.6
2019,1,21,18,-1.4,972,NA,NA,67.2
2019,1,21,21,-1.2,972.8,NA,NA,63.9
2019,1,22,0,-0.4,973.7,NA,NA,63
2019,1,22,3,-2.1,974.6,NA,NA,71.5
2019,1,22,6,-2.5,975.8,NA,NA,69.3
2019,1,22,9,-2.9,977.1,NA,NA,75.2
2019,1,22,12,-2,977.9,NA,NA,74.9
2019,1,22,15,-2.8,978.5,NA,NA,88.8
2019,1,22,18,-1,979.7,NA,NA,75.2
2019,1,22,21,-1.3,980.6,NA,NA,66.6
2019,1,23,0,-1.2,980.8,NA,NA,72.4
2019,1,23,3,-3.2,981.3,NA,NA,81.4
2019,1,23,6,NA,982.6,NA,NA,87.8
2019,1,23,9,-7.7,983.5,NA,NA,78
2019,1,23,12,-6.9,984.1,NA,NA,70.9
2019,1,23,15,-4.1,984.3,NA,NA,64.3
2019,1,23,18,-2.6,984.3,NA,NA,61.6
2019,1,23,21,-1.2,983.9,NA,NA,58.8
2019,1,24,0,-0.3,983.7,NA,NA,61.1
2019,1,24,3,-3.6,983.1,NA,NA,71.5
2019,1,24,6,-4.2,982.1,NA,NA,66.4
2019,1,24,9,-3.9,981.4,NA,NA,62.6
2019,1,24,12,-3.1,980.2,NA,NA,58.9
2019,1,24,15,-4.5,978.5,NA,NA,68.7
2019,1,24,18,-1,977.2,NA,NA,56.4
2019,1,24,21,NA,975.8,NA,NA,54.7
2019,1,25,0,-1.3,974.2,NA,NA,72.3
2019,1,25,3,-3,972.4,NA,NA,71.4
2019,1,25,6,-4.4,970.9,NA,NA,67
2019,1,25,9,-5.3,969.5,NA,NA,68.5
2019,1,25,12,-4.1,968.7,NA,NA,63.7
2019,1,25,15,-4.6,968,NA,NA,70.4
2019,1,25,18,-1.6,968,NA,NA,62.9
2019,1,25,21,-1.6,969,NA,NA,82.3
2019,1,26,0,-1.4,970.2,NA,NA,71.4
2019,1,26,3,-5.3,971,NA,NA,79.8
2019,1,26,6,NA,972.5,NA,NA,81.8
2019,1,26,9,-9.4,973.5,NA,NA,83.7
2019,1,26,12,-8.7,974.4,NA,NA,85.2
2019,1,26,15,-7.3,974.2,NA,NA,83
2019,1,26,18,-3.9,974.5,NA,NA,74.7
2019,1,26,21,-3.8,974.2,NA,NA,88.2
2019,1,27,0,-3.9,974,NA,NA,91.3
2019,1,27,3,-5.1,973.7,NA,NA,85.8
2019,1,27,6,-7.2,974,NA,NA,89.3
2019,1,27,9,-8,973.5,NA,NA,94.2
2019,1,27,12,-7.7,973.4,NA,NA,94.8
2019,1,27,15,-7.3,973.6,NA,NA,93.3
2019,1,27,18,-5.6,973.2,NA,NA,90.4
2019,1,27,21,-3.9,973,NA,NA,79
2019,1,28,0,-3.9,972.6,NA,NA,84.9
2019,1,28,3,-5,972.6,NA,NA,87.5
2019,1,28,6,-7.4,972.7,NA,NA,82.6
2019,1,28,9,-7.2,972.9,NA,NA,74.6
2019,1,28,12,-5.9,973.2,NA,NA,81.4
2019,1,28,15,-6.2,973.3,NA,NA,84.6
2019,1,28,18,-2,973.5,NA,NA,75.3
2019,1,28,21,NA,973.9,NA,NA,76.2
2019,1,29,0,-1.9,974.6,NA,NA,79.1
2019,1,29,3,-3.9,974.6,NA,NA,87.4
2019,1,29,6,-3.9,975.4,NA,NA,89.1
2019,1,29,9,-4.8,976.2,NA,NA,89.6
2019,1,29,12,-3.7,976.5,NA,NA,84.7
2019,1,29,15,-2.5,976,NA,NA,80
2019,1,29,18,-2.6,976.1,NA,NA,80.5
2019,1,29,21,-1.3,976.2,NA,NA,75.3
2019,1,30,0,-2.1,976.1,NA,NA,80
2019,1,30,3,-3.9,976.4,NA,NA,79.7
2019,1,30,6,NA,976.4,NA,NA,79.3
2019,1,30,9,NA,976.8,NA,NA,92.7
2019,1,30,12,-7.9,977.3,NA,NA,89.5
2019,1,30,15,NA,977.4,NA,NA,77.8
2019,1,30,18,-4.5,977.7,NA,NA,79.9
2019,1,30,21,-2.9,978.4,NA,NA,75
2019,1,31,0,-5.5,978.9,NA,NA,87.5
2019,1,31,3,-6.5,979.5,NA,NA,84.6
2019,1,31,6,-8.6,980.4,NA,NA,78.7
2019,1,31,9,-9.8,981.5,NA,NA,80.7
2019,1,31,12,-8.5,982.4,NA,NA,56.7
2019,1,31,15,-7.6,982.7,NA,NA,59
2019,1,31,18,-6.7,983.3,NA,NA,67.7
2019,1,31,21,-4.6,984,NA,NA,60.1
2019,2,1,0,-5.5,983.9,NA,NA,76.6
2019,2,1,3,-7.4,983.3,NA,NA,82.1
2019,2,1,6,-7.5,982.9,NA,NA,83.9
2019,2,1,9,-8.8,982.1,NA,NA,81.9
2019,2,1,12,-7.5,980.7,NA,NA,75.8
2019,2,1,15,-8.1,979.6,NA,NA,76.2
2019,2,1,18,-6,978.1,NA,NA,79.3
2019,2,1,21,-6.1,976.2,NA,NA,89.5
2019,2,2,0,-5.5,975.1,NA,NA,91.9
2019,2,2,3,-5.5,973.8,NA,NA,94.4
2019,2,2,6,-5.9,973.1,NA,NA,95.4
2019,2,2,9,-6.7,972.1,NA,NA,95.1
2019,2,2,12,-6.9,972.4,NA,NA,92.3
2019,2,2,15,-6.7,972.5,NA,NA,87.6
2019,2,2,18,-5.9,973,NA,NA,87.4
2019,2,2,21,-2.9,973.5,NA,NA,73.7
2019,2,3,0,-4.8,974,NA,NA,84.8
2019,2,3,3,-5.7,974.2,NA,NA,90.1
2019,2,3,6,-6.1,974.5,NA,NA,92.8
2019,2,3,9,-6.2,974,NA,NA,93.6
2019,2,3,12,-7,972.9,NA,NA,97
2019,2,3,15,-6.4,972.2,NA,NA,92.5
2019,2,3,18,-3.5,970.9,NA,NA,87.5
2019,2,3,21,-4.1,970.3,NA,NA,75.2
2019,2,4,0,-3.6,969.8,NA,NA,63.2
2019,2,4,3,NA,969.5,NA,NA,82.6
2019,2,4,6,NA,970,NA,NA,88.8
2019,2,4,9,-10,970.8,NA,NA,83
2019,2,4,12,-9.5,971.5,NA,NA,71.8
2019,2,4,15,-11.9,972.4,NA,NA,71.9
2019,2,4,18,-7.8,973.5,NA,NA,66.4
2019,2,4,21,NA,974.4,NA,NA,69.2
2019,2,5,0,-5.2,975.4,NA,NA,63.5
2019,2,5,3,-7.3,976.3,NA,NA,88.9
2019,2,5,6,-8,977.3,NA,NA,84.8
2019,2,5,9,-9.7,978.5,NA,NA,92.6
2019,2,5,12,-8.6,979.4,NA,NA,85.9
2019,2,5,15,-8.8,979.6,NA,NA,81.6
2019,2,5,18,-6,979.9,NA,NA,75.6
2019,2,5,21,-4.3,979.9,NA,NA,73.4
2019,2,6,0,-7,979.6,NA,NA,84
2019,2,6,3,-8.3,979.2,NA,NA,82.9
2019,2,6,6,-10.4,978.7,NA,NA,83.6
2019,2,6,9,-11,977.9,NA,NA,85.9
2019,2,6,12,-11.6,977.3,NA,NA,82.2
2019,2,6,15,-11.3,976.5,NA,NA,83.9
2019,2,6,18,-9,975.5,NA,NA,79.1
2019,2,6,21,-6.7,974.4,NA,NA,72.6
2019,2,7,0,-7.5,973.2,NA,NA,83.9
2019,2,7,3,-8.7,972.5,NA,NA,88.4
2019,2,7,6,-8.1,972.2,NA,NA,77.6
2019,2,7,9,-9.8,971.4,NA,NA,85.1
2019,2,7,12,-7.1,970.6,NA,NA,81.8
2019,2,7,15,-6.6,969.8,NA,NA,86
2019,2,7,18,-6.3,970,NA,NA,82.2
2019,2,7,21,-5.3,970.5,NA,NA,80.4
2019,2,8,0,-5.2,970.6,NA,NA,85.5
2019,2,8,3,-4.7,971.5,NA,NA,83.5
2019,2,8,6,-5.1,972.8,NA,NA,87.5
2019,2,8,9,-7.2,974.8,NA,NA,93.5
2019,2,8,12,-7.2,976.8,NA,NA,92.7
2019,2,8,15,-6.5,979,NA,NA,92.4
2019,2,8,18,-5.4,981.5,NA,NA,86.1
2019,2,8,21,-4.1,983.4,NA,NA,83.7
2019,2,9,0,-5.8,985.6,NA,NA,96.1
2019,2,9,3,-8,987.8,NA,NA,93.5
2019,2,9,6,NA,989.4,NA,NA,95.3
2019,2,9,9,-8.6,990.6,NA,NA,81.7
2019,2,9,12,-6.9,991.9,NA,NA,59.5
2019,2,9,15,NA,992.5,NA,NA,63.7
2019,2,9,18,NA,992.8,NA,NA,67.4
2019,2,9,21,-1.4,993.6,NA,NA,80.4
2019,2,10,0,-1.9,994.1,NA,NA,82.8
2019,2,10,3,-3.2,994.2,NA,NA,86.1
2019,2,10,6,-2.8,994.1,NA,NA,77.3
2019,2,10,9,-3.4,993.5,NA,NA,79.2
2019,2,10,12,-3,992,NA,NA,76.7
2019,2,10,15,-4.4,989.8,NA,NA,83.9
2019,2,10,18,-3.4,986.1,NA,NA,68.4
2019,2,10,21,-2.9,981.9,NA,NA,70.2
2019,2,11,0,-3.7,976.4,NA,NA,76
2019,2,11,3,-4.2,970.2,NA,NA,86.7
2019,2,11,6,-4.3,967.2,NA,NA,70.9
2019,2,11,9,-3.3,963.9,NA,NA,65.1
2019,2,11,12,-5.4,960.5,NA,NA,91
2019,2,11,15,-5.9,955.8,NA,NA,95.8
2019,2,11,18,-3.3,956.1,NA,NA,97.4
2019,2,11,21,-3,954.9,NA,NA,97
2019,2,12,0,-2.8,954.5,NA,NA,96.7
2019,2,12,3,-3,959.2,NA,NA,96
2019,2,12,6,-7.1,961.3,NA,NA,95
2019,2,12,9,NA,964.2,NA,NA,93.5
2019,2,12,12,-10.9,964.7,NA,NA,91.7
2019,2,12,15,-11.1,965.5,NA,NA,88.7
2019,2,12,18,-8.9,966.6,NA,NA,83.7
2019,2,12,21,-9.2,966.1,NA,NA,85.3
2019,2,13,0,-10.1,964.8,NA,NA,85.4
2019,2,13,3,-12.3,964.2,NA,NA,85.7
2019,2,13,6,-13.9,964.1,NA,NA,87.1
2019,2,13,9,-14.8,963.9,NA,NA,81.2
2019,2,13,12,-15.6,963.5,NA,NA,77.6
2019,2,13,15,-12.3,963.6,NA,NA,68.9
2019,2,13,18,-13,963.6,NA,NA,69.1
2019,2,13,21,-10.5,963.4,NA,NA,68
2019,2,14,0,-10.8,963.5,NA,NA,74.9
2019,2,14,3,-12.7,962.7,NA,NA,75.1
2019,2,14,6,-14.8,961.9,NA,NA,75.1
2019,2,14,9,NA,961.8,NA,NA,80.3
2019,2,14,12,-14.5,962.3,NA,NA,71.3
2019,2,14,15,-13.6,963,NA,NA,73.6
2019,2,14,18,-11,964,NA,NA,76.6
2019,2,14,21,-12.4,964.8,NA,NA,86
2019,2,15,0,-10.4,965.4,NA,NA,80.5
2019,2,15,3,-12.7,965.6,NA,NA,89.2
2019,2,15,6,-13.1,966,NA,NA,86.2
2019,2,15,9,-11.9,965.8,NA,NA,88
2019,2,15,12,-14.9,965.6,NA,NA,88.1
2019,2,15,15,-11.4,965.5,NA,NA,85.3
2019,2,15,18,NA,964.8,NA,NA,84.9
2019,2,15,21,-7.3,964.2,NA,NA,81.3
2019,2,16,0,-8.2,963.8,NA,NA,91.2
2019,2,16,3,NA,964,NA,NA,87.1
2019,2,16,6,NA,964.2,NA,NA,93.8
2019,2,16,9,-3.2,964.9,NA,NA,96.7
2019,2,16,12,-4.3,965.8,NA,NA,94.8
2019,2,16,15,-3.6,968.4,NA,NA,91.8
2019,2,16,18,-3.3,970,NA,NA,85.8
2019,2,16,21,-5.1,971.2,NA,NA,89.6
2019,2,17,0,-5.1,971.3,NA,NA,92.7
2019,2,17,3,-3.2,970.4,NA,NA,94.7
2019,2,17,6,-3.4,971,NA,NA,89.4
2019,2,17,9,-3.5,972.7,NA,NA,86.5
2019,2,17,12,-6.1,974,NA,NA,90.7
2019,2,17,15,-6.8,974.7,NA,NA,91.5
2019,2,17,18,-6.5,976.1,NA,NA,92.7
2019,2,17,21,-3.5,977,NA,NA,87
2019,2,18,0,-2.7,978.1,NA,NA,81.7
2019,2,18,3,-3.7,980,NA,NA,91.9
2019,2,18,6,-3.5,982.7,NA,NA,79.1
2019,2,18,9,-6.2,984.8,NA,NA,88.8
2019,2,18,12,-6.2,987.5,NA,NA,90
2019,2,18,15,-4,989.3,NA,NA,79
2019,2,18,18,-6.7,991.2,NA,NA,86.9
2019,2,18,21,-6,993.1,NA,NA,83.6
2019,2,19,0,-5.5,994.6,NA,NA,83.3
2019,2,19,3,-7.6,995.8,NA,NA,87.5
2019,2,19,6,-8,997.3,NA,NA,91
2019,2,19,9,-6.4,998.6,NA,NA,79.1
2019,2,19,12,-9.4,999.8,NA,NA,88.7
2019,2,19,15,-7.6,1000.7,NA,NA,77.8
2019,2,19,18,NA,1001.4,NA,NA,61.6
2019,2,19,21,-6.6,1002.4,NA,NA,72.5
2019,2,20,0,-6.9,1002.7,NA,NA,73.4
2019,2,20,3,-7.8,1002.9,NA,NA,74.5
2019,2,20,6,-6.8,1002.8,NA,NA,69.6
2019,2,20,9,-6.3,1002.8,NA,NA,81.6
2019,2,20,12,-5.8,1002.5,NA,NA,78.2
2019,2,20,15,-4.6,1001.8,NA,NA,71.7
2019,2,20,18,-4.2,1000.8,NA,NA,76.4
2019,2,20,21,-3.8,999.8,NA,NA,76.4
2019,2,21,0,-5.2,998.5,NA,NA,82.8
2019,2,21,3,-5.9,996.9,NA,NA,85.3
2019,2,21,6,-5.7,995.7,NA,NA,82.6
2019,2,21,9,-5.1,995,NA,NA,79.7
2019,2,21,12,-4.9,994.6,NA,NA,81.1
2019,2,21,15,-3.8,994.3,NA,NA,77.6
2019,2,21,18,-3.3,994,NA,NA,76.8
2019,2,21,21,-3,994.4,NA,NA,74.1
2019,2,22,0,-5,994.2,NA,NA,85.8
2019,2,22,3,-6.7,994.2,NA,NA,91.7
2019,2,22,6,-6.8,994.4,NA,NA,80.1
2019,2,22,9,-5.9,994.8,NA,NA,77.9
2019,2,22,12,-4.6,995.2,NA,NA,62.5
2019,2,22,15,-3.9,995.4,NA,NA,67.6
2019,2,22,18,-1.7,996.1,NA,NA,61.2
2019,2,22,21,-0.9,996.8,NA,NA,56
2019,2,23,0,-2.4,997.2,NA,NA,66.1
2019,2,23,3,-4.6,997.6,NA,NA,66.9
2019,2,23,6,-6,997.9,NA,NA,64.8
2019,2,23,9,-6.9,998.3,NA,NA,64.4
2019,2,23,12,-9.2,998.8,NA,NA,74
2019,2,23,15,-11.4,998.8,NA,NA,88.2
2019,2,23,18,-7.6,998.3,NA,NA,80
2019,2,23,21,NA,998,NA,NA,66.6
2019,2,24,0,-3.8,996.7,NA,NA,73.8
2019,2,24,3,-4.4,992.1,NA,NA,94
2019,2,24,6,-3.4,991,NA,NA,97.5
2019,2,24,9,-3,983.3,NA,NA,98.1
2019,2,24,12,-1.3,981.9,NA,NA,99.2
2019,2,24,15,0.3,980.7,NA,NA,99.2
2019,2,24,18,1.1,976.6,NA,NA,98.7
2019,2,24,21,1.3,975.6,NA,NA,95.9
2019,2,25,0,0.9,977.7,NA,NA,96.4
2019,2,25,3,0.7,976.7,NA,NA,95.5
2019,2,25,6,0,978,NA,NA,98.8
2019,2,25,9,-0.7,978.7,NA,NA,99.2
2019,2,25,12,-0.7,979.9,NA,NA,99.2
2019,2,25,15,0.3,981.7,NA,NA,88.6
2019,2,25,18,0.5,982.9,NA,NA,80.9
2019,2,25,21,1.1,984.2,NA,NA,80.1
2019,2,26,0,0.1,984.8,NA,NA,80.8
2019,2,26,3,-0.7,984.5,NA,NA,87.1
2019,2,26,6,-1.5,984.7,NA,NA,90.8
2019,2,26,9,-1.2,985.5,NA,NA,80.8
2019,2,26,12,-1.8,987.5,NA,NA,93
2019,2,26,15,-1.5,988.8,NA,NA,81.9
2019,2,26,18,-1,989.9,NA,NA,80.7
2019,2,26,21,-0.5,990.5,NA,NA,84.5
2019,2,27,0,-1.8,988.5,NA,NA,92.7
2019,2,27,3,-1.9,986.1,NA,NA,95.1
2019,2,27,6,-2.1,982.6,NA,NA,98.5
2019,2,27,9,-0.6,976.7,NA,NA,99.2
2019,2,27,12,-1.1,976,NA,NA,99.2
2019,2,27,15,0.4,974.4,NA,NA,98.5
2019,2,27,18,1.3,974,NA,NA,96.5
2019,2,27,21,0.8,974.5,NA,NA,84.8
2019,2,28,0,0.2,973.7,NA,NA,84.8
2019,2,28,3,-0.1,976.3,NA,NA,86.2
2019,2,28,6,-0.6,982,NA,NA,86.9
2019,2,28,9,-0.6,985.4,NA,NA,76.5
2019,2,28,12,-0.7,988.7,NA,NA,76.5
2019,2,28,15,-0.8,990.4,NA,NA,78.8
2019,2,28,18,-0.4,991.8,NA,NA,80.2
2019,2,28,21,0,992.6,NA,NA,77.8
2019,3,1,0,-1,992.2,NA,NA,86.6
2019,3,1,3,-2.2,991.5,NA,NA,93.3
2019,3,1,6,-2.7,991.2,NA,NA,97.4
2019,3,1,9,-3.1,990.7,NA,NA,91.6
2019,3,1,12,-2,989.6,NA,NA,80.4
2019,3,1,15,-1.4,988.8,NA,NA,80.7
2019,3,1,18,-2.4,987.4,NA,NA,95.8
2019,3,1,21,-2.9,985.7,NA,NA,96.2
2019,3,2,0,-3.1,983.8,NA,NA,96.5
2019,3,2,3,-3.6,983,NA,NA,97.1
2019,3,2,6,-3,982,NA,NA,96.1
2019,3,2,9,-2.7,981.2,NA,NA,98.2
2019,3,2,12,-2.7,980.4,NA,NA,98
2019,3,2,15,-1.9,980,NA,NA,96.2
2019,3,2,18,-1.1,979.4,NA,NA,91.4
2019,3,2,21,-1.4,979.5,NA,NA,95
2019,3,3,0,-2.1,979.4,NA,NA,98
2019,3,3,3,-2.7,978.4,NA,NA,97.1
2019,3,3,6,-3.8,977,NA,NA,92.8
2019,3,3,9,-4.6,976.3,NA,NA,91.4
2019,3,3,12,-7.3,976.7,NA,NA,87.8
2019,3,3,15,-7.3,977.3,NA,NA,86.1
2019,3,3,18,-6.1,978.3,NA,NA,84.7
2019,3,3,21,-6.2,979.8,NA,NA,81
2019,3,4,0,-7.5,981.9,NA,NA,82.1
2019,3,4,3,-9.1,982.7,NA,NA,79.5
2019,3,4,6,-8.9,982.7,NA,NA,74.4
2019,3,4,9,-10,983.8,NA,NA,81.7
2019,3,4,12,-10.1,983.6,NA,NA,74
2019,3,4,15,-8.7,984.4,NA,NA,62.3
2019,3,4,18,NA,983.9,NA,NA,44
2019,3,4,21,-4.3,984,NA,NA,43.2
2019,3,5,0,-6.6,983.9,NA,NA,49.7
2019,3,5,3,-7.7,982.6,NA,NA,48.8
2019,3,5,6,-7.3,981.7,NA,NA,53.4
2019,3,5,9,-7.8,981,NA,NA,49.1
2019,3,5,12,-7.8,980.3,NA,NA,58.4
2019,3,5,15,-7.4,979.9,NA,NA,52.1
2019,3,5,18,-8.5,979.6,NA,NA,69.5
2019,3,5,21,-8.4,979.3,NA,NA,76.4
2019,3,6,0,-8.9,978.5,NA,NA,84.3
2019,3,6,3,-5.7,977.5,NA,NA,75.3
2019,3,6,6,-6.6,976.5,NA,NA,82.4
2019,3,6,9,-7.8,976.8,NA,NA,79.3
2019,3,6,12,-7.3,973.8,NA,NA,93.2
2019,3,6,15,-7,975.3,NA,NA,77.9
2019,3,6,18,-5.9,974.6,NA,NA,85.3
2019,3,6,21,-4.9,973.9,NA,NA,87.7
2019,3,7,0,-3.7,973.6,NA,NA,85.5
2019,3,7,3,-3.6,972.9,NA,NA,90.8
2019,3,7,6,-3,973.3,NA,NA,88
2019,3,7,9,-2.3,971.8,NA,NA,90.4
2019,3,7,12,-1.8,972.6,NA,NA,87.7
2019,3,7,15,-1.7,973.8,NA,NA,85.8
2019,3,7,18,-1,974,NA,NA,85
2019,3,7,21,-5.4,975,NA,NA,92
2019,3,8,0,NA,975.1,NA,NA,93.8
2019,3,8,3,-8.7,974.9,NA,NA,92.2
2019,3,8,6,-9.8,974.5,NA,NA,94.1
2019,3,8,9,-7.7,974,NA,NA,89.6
2019,3,8,12,-7.2,974.3,NA,NA,90
2019,3,8,15,-5.3,974.5,NA,NA,85
2019,3,8,18,-3.9,975,NA,NA,86.7
2019,3,8,21,-1.9,975.8,NA,NA,82.5
2019,3,9,0,-3.7,977.1,NA,NA,93.5
2019,3,9,3,-3.6,977.6,NA,NA,91.1
2019,3,9,6,-3.9,978.3,NA,NA,89
2019,3,9,9,-4,978.5,NA,NA,81.4
2019,3,9,12,-3.8,978.3,NA,NA,87.7
2019,3,9,15,-3.1,978.2,NA,NA,89.1
2019,3,9,18,-2.3,977.9,NA,NA,87
2019,3,9,21,-2,976.8,NA,NA,89
2019,3,10,0,-2.2,976.3,NA,NA,93.4
2019,3,10,3,-2.1,974.4,NA,NA,94.1
2019,3,10,6,-1.6,975.7,NA,NA,93.8
2019,3,10,9,-1.6,974.5,NA,NA,96.7
2019,3,10,12,-1.2,976.6,NA,NA,89.4
2019,3,10,15,-1.8,976.8,NA,NA,92.6
2019,3,10,18,-1.3,976.8,NA,NA,93.9
2019,3,10,21,-1,976.2,NA,NA,91.9
2019,3,11,0,-0.9,978.2,NA,NA,89.4
2019,3,11,3,-1.5,979.9,NA,NA,92.9
2019,3,11,6,-0.8,982,NA,NA,84.8
2019,3,11,9,-1.9,982.5,NA,NA,94.4
2019,3,11,12,-2.6,983.6,NA,NA,95.1
2019,3,11,15,-2.8,984.6,NA,NA,90.6
2019,3,11,18,-2.5,985.5,NA,NA,85.6
2019,3,11,21,-2.4,986.2,NA,NA,89.4
2019,3,12,0,-3,986.7,NA,NA,93.3
2019,3,12,3,-3.7,987.4,NA,NA,94.7
2019,3,12,6,-3.6,987.7,NA,NA,78.9
2019,3,12,9,-3.5,987.4,NA,NA,79
2019,3,12,12,-3.5,986.6,NA,NA,80.7
2019,3,12,15,-2.4,984.9,NA,NA,71.9
2019,3,12,18,-3.8,982,NA,NA,89.6
2019,3,12,21,-1.2,980.5,NA,NA,77.7
2019,3,13,0,-2.1,979.1,NA,NA,83
2019,3,13,3,-2.9,976.3,NA,NA,87.4
2019,3,13,6,-3.3,973.3,NA,NA,86.1
2019,3,13,9,-3.7,967.6,NA,NA,96.2
2019,3,13,12,-3.4,965.2,NA,NA,88.5
2019,3,13,15,-3.2,961.7,NA,NA,86.8
2019,3,13,18,-3,959.3,NA,NA,86.8
2019,3,13,21,-1.9,956,NA,NA,81.2
2019,3,14,0,-1.7,954.5,NA,NA,84.8
2019,3,14,3,-1.3,953.4,NA,NA,86.8
2019,3,14,6,-0.9,953.8,NA,NA,87.1
2019,3,14,9,-0.6,954.4,NA,NA,86.9
2019,3,14,12,-0.7,955.8,NA,NA,84
2019,3,14,15,-1.6,957.1,NA,NA,84.8
2019,3,14,18,1,957.8,NA,NA,76.8
2019,3,14,21,0.1,958.8,NA,NA,78.7
2019,3,15,0,-1,959.1,NA,NA,83.2
2019,3,15,3,-1.7,959.3,NA,NA,92.2
2019,3,15,6,-2.4,959.4,NA,NA,89.6
2019,3,15,9,-1.7,958.8,NA,NA,84.2
2019,3,15,12,-3.1,958.1,NA,NA,88
2019,3,15,15,-3.6,958.8,NA,NA,92.6
2019,3,15,18,-3,959,NA,NA,85.3
2019,3,15,21,NA,960.2,NA,NA,90.4
2019,3,16,0,NA,961.3,NA,NA,91.1
2019,3,16,3,-10.8,961.3,NA,NA,91.8
2019,3,16,6,-8.8,960.7,NA,NA,91.5
2019,3,16,9,-9.2,960.1,NA,NA,79.2
2019,3,16,12,-9.8,959.8,NA,NA,86.2
2019,3,16,15,-8,957.1,NA,NA,92.8
2019,3,16,18,-5.3,953.7,NA,NA,95.8
2019,3,16,21,-3.5,956.6,NA,NA,93.2
2019,3,17,0,-3.1,958.3,NA,NA,83.9
2019,3,17,3,-3.9,956.9,NA,NA,93.1
2019,3,17,6,-4.2,955.3,NA,NA,96.7
2019,3,17,9,-1.7,956.4,NA,NA,93
2019,3,17,12,-2.9,957.2,NA,NA,74.6
2019,3,17,15,-2.1,957.9,NA,NA,77.7
2019,3,17,18,-2.6,957.7,NA,NA,87.6
2019,3,17,21,-2.2,958.4,NA,NA,88.8
2019,3,18,0,-2.5,959.6,NA,NA,83.9
2019,3,18,3,-3.3,958.6,NA,NA,91.5
2019,3,18,6,-3.4,958.7,NA,NA,95.4
2019,3,18,9,-2.9,957.3,NA,NA,94
2019,3,18,12,-2.6,954.7,NA,NA,98.3
2019,3,18,15,-1.5,956.3,NA,NA,95.9
2019,3,18,18,-0.8,955.4,NA,NA,87.2
2019,3,18,21,-0.7,956.3,NA,NA,82.8
2019,3,19,0,-2.5,955.6,NA,NA,94.4
2019,3,19,3,-3.1,953.9,NA,NA,95.8
2019,3,19,6,-3.6,952.1,NA,NA,94.3
2019,3,19,9,-4,951,NA,NA,96.3
2019,3,19,12,-3.8,950.2,NA,NA,97.4
2019,3,19,15,-2.6,950.2,NA,NA,96.9
2019,3,19,18,-0.4,950,NA,NA,82.2
2019,3,19,21,-2.6,950.7,NA,NA,93
2019,3,20,0,-1.9,951.2,NA,NA,85.8
2019,3,20,3,-2.4,953.8,NA,NA,76.9
2019,3,20,6,-5,957.5,NA,NA,84.8
2019,3,20,9,-5.1,960,NA,NA,88.1
2019,3,20,12,-4.7,962.9,NA,NA,91.3
2019,3,20,15,-4.4,965.4,NA,NA,86.6
2019,3,20,18,-3.6,967.9,NA,NA,81.7
2019,3,20,21,-3.5,969.4,NA,NA,78.6
2019,3,21,0,-5.4,971.2,NA,NA,82.5
2019,3,21,3,-6.4,972.5,NA,NA,85.6
2019,3,21,6,-7.1,973.3,NA,NA,91.9
2019,3,21,9,-7.9,973.5,NA,NA,87.1
2019,3,21,12,-9.4,973.9,NA,NA,92.7
2019,3,21,15,-10,973.5,NA,NA,90.8
2019,3,21,18,-8.4,973.4,NA,NA,91.5
2019,3,21,21,NA,972.4,NA,NA,88.1
2019,3,22,0,-4,972.3,NA,NA,83.3
2019,3,22,3,-5.7,971.2,NA,NA,86.4
2019,3,22,6,-4.8,969.4,NA,NA,81.5
2019,3,22,9,-4.7,967.3,NA,NA,83.5
2019,3,22,12,-3.6,964.6,NA,NA,80.3
2019,3,22,15,-4.2,960.9,NA,NA,96.9
2019,3,22,18,-4.1,956.1,NA,NA,99.5
2019,3,22,21,-1.6,945.9,NA,NA,NA
2019,3,23,0,-0.1,941.1,NA,NA,NA
2019,3,23,3,-0.1,939.2,NA,NA,NA
2019,3,23,6,-1.3,939.5,NA,NA,NA
2019,3,23,9,-0.5,938.5,NA,NA,NA
2019,3,23,12,-0.5,933.4,NA,NA,NA
2019,3,23,15,-0.4,933.2,NA,NA,NA
2019,3,23,18,-0.4,929.9,NA,NA,NA
2019,3,23,21,-2.6,936.5,NA,NA,NA
2019,3,24,0,-4,947.2,NA,NA,NA
2019,3,24,3,-4.7,955,NA,NA,NA
2019,3,24,6,-4.9,962.5,NA,NA,NA
2019,3,24,9,-5,966.2,NA,NA,NA
2019,3,24,12,-4.4,969.3,NA,NA,NA
2019,3,24,15,-3.3,971.9,NA,NA,NA
2019,3,24,18,-2.6,973.3,NA,NA,NA
2019,3,24,21,-1.1,974.5,NA,NA,NA
2019,3,25,0,-1.8,975.7,NA,NA,NA
2019,3,25,3,-3.9,976.1,NA,NA,NA
2019,3,25,6,-3.7,977.7,NA,NA,NA
2019,3,25,9,-4.8,978.5,NA,NA,NA
2019,3,25,12,-6.8,978.3,NA,NA,NA
2019,3,25,15,-6.5,978,NA,NA,NA
2019,3,25,18,-7.5,976.4,NA,NA,NA
2019,3,25,21,-8.5,975.3,NA,NA,NA
2019,3,26,0,-9.5,972.9,NA,NA,NA
2019,3,26,3,-8.6,970.5,NA,NA,NA
2019,3,26,6,-8,967.8,NA,NA,NA
2019,3,26,9,-9.7,966.7,NA,NA,NA
2019,3,26,12,-10.7,964.2,NA,NA,NA
2019,3,26,15,-11.5,962.1,NA,NA,NA
2019,3,26,18,-10.1,960.9,NA,NA,NA
2019,3,26,21,-9.1,959.9,NA,NA,NA
2019,3,27,0,-9.4,958.7,NA,NA,NA
2019,3,27,3,-9.4,958.4,NA,NA,NA
2019,3,27,6,-9.5,958.9,NA,NA,NA
2019,3,27,9,-10.2,959.5,NA,NA,NA
2019,3,27,12,-10.1,959.2,NA,NA,NA
2019,3,27,15,-9.3,958.8,NA,NA,NA
2019,3,27,18,-8.8,958.9,NA,NA,NA
2019,3,27,21,-10.2,958.8,NA,NA,NA
2019,3,28,0,-12.6,959.6,NA,NA,NA
2019,3,28,3,-13.5,959.2,NA,NA,NA
2019,3,28,6,-13.8,959.5,NA,NA,NA
2019,3,28,9,-14.2,959.7,NA,NA,NA
2019,3,28,12,-15.1,960.1,NA,NA,NA
2019,3,28,15,-15,960.5,NA,NA,NA
2019,3,28,18,-15.9,961.3,NA,NA,NA
2019,3,28,21,-16.7,961.8,NA,NA,NA
2019,3,29,0,-18.1,962.1,NA,NA,NA
2019,3,29,3,-19.4,962.3,NA,NA,NA
2019,3,29,6,-20.5,962.2,NA,NA,NA
2019,3,29,9,-18.4,962.7,NA,NA,NA
2019,3,29,12,-21,962.9,NA,NA,NA
2019,3,29,15,-19.1,963.2,NA,NA,NA
2019,3,29,18,NA,963.4,NA,NA,NA
2019,3,29,21,-20.6,963.8,NA,NA,NA
2019,3,30,0,-20.9,963.7,NA,NA,NA
2019,3,30,3,-17.4,964.2,NA,NA,NA
2019,3,30,6,-19,964.5,NA,NA,NA
2019,3,30,9,-17.5,965.1,NA,NA,NA
2019,3,30,12,-17.2,965.8,NA,NA,NA
2019,3,30,15,-16.9,966.6,NA,NA,NA
2019,3,30,18,-18.9,967.5,NA,NA,NA
2019,3,30,21,-19.3,968.5,NA,NA,NA
2019,3,31,0,-22.4,969.6,NA,NA,NA
2019,3,31,3,-21.7,970.4,NA,NA,NA
2019,3,31,6,-20.9,971,NA,NA,NA
2019,3,31,9,-23.6,972,NA,NA,NA
2019,3,31,12,-20.4,972.4,NA,NA,NA
2019,3,31,15,-19.3,973.2,NA,NA,NA
2019,3,31,18,-16,973.3,NA,NA,NA
2019,3,31,21,-14.9,973.6,NA,NA,NA
2019,4,1,0,-15.6,974,NA,NA,NA
2019,4,1,3,-16.5,974.2,NA,NA,NA
2019,4,1,6,-18.1,974.7,NA,NA,NA
2019,4,1,9,-16.8,974.5,NA,NA,NA
2019,4,1,12,-14.9,973.6,NA,NA,NA
2019,4,1,15,-13,972.2,NA,NA,NA
2019,4,1,18,NA,969.9,NA,NA,NA
2019,4,1,21,-8.9,970.3,NA,NA,NA
2019,4,2,0,-8.6,971.6,NA,NA,NA
2019,4,2,3,-8.3,971.5,NA,NA,NA
2019,4,2,6,-8,972.1,NA,NA,NA
2019,4,2,9,-9.6,972.1,NA,NA,NA
2019,4,2,12,NA,NA,NA,NA,NA
2019,4,2,15,NA,NA,NA,NA,NA
2019,4,2,18,NA,NA,NA,NA,NA
2019,4,2,21,NA,NA,NA,NA,NA
2019,4,3,0,NA,NA,NA,NA,NA
2019,4,3,3,NA,NA,NA,NA,NA
2019,4,3,6,NA,NA,NA,NA,NA
2019,4,3,9,NA,NA,NA,NA,NA
2019,4,3,12,NA,NA,NA,NA,NA
2019,4,3,15,NA,NA,NA,NA,NA
2019,4,3,18,NA,NA,NA,NA,NA
2019,4,3,21,NA,NA,NA,NA,NA
2019,4,4,0,NA,NA,NA,NA,NA
2019,4,4,3,NA,NA,NA,NA,NA
2019,4,4,6,NA,NA,NA,NA,NA
2019,4,4,9,NA,NA,NA,NA,NA
2019,4,4,12,NA,NA,NA,NA,NA
2019,4,4,15,NA,NA,NA,NA,NA
2019,4,4,18,NA,NA,NA,NA,NA
2019,4,4,21,NA,NA,NA,NA,NA
2019,4,5,0,NA,NA,NA,NA,NA
2019,4,5,3,NA,NA,NA,NA,NA
2019,4,5,6,NA,NA,NA,NA,NA
2019,4,5,9,NA,NA,NA,NA,NA
2019,4,5,12,NA,NA,NA,NA,NA
2019,4,5,15,NA,NA,NA,NA,NA
2019,4,5,18,NA,NA,NA,NA,NA
2019,4,5,21,NA,NA,NA,NA,NA
2019,4,6,0,NA,NA,NA,NA,NA
2019,4,6,3,NA,NA,NA,NA,NA
2019,4,6,6,NA,NA,NA,NA,NA
2019,4,6,9,NA,NA,NA,NA,NA
2019,4,6,12,NA,NA,NA,NA,NA
2019,4,6,15,NA,NA,NA,NA,NA
2019,4,6,18,NA,NA,NA,NA,NA
2019,4,6,21,NA,NA,NA,NA,NA
2019,4,7,0,NA,NA,NA,NA,NA
2019,4,7,3,NA,NA,NA,NA,NA
2019,4,7,6,NA,NA,NA,NA,NA
2019,4,7,9,NA,NA,NA,NA,NA
2019,4,7,12,NA,NA,NA,NA,NA
2019,4,7,15,NA,NA,NA,NA,NA
2019,4,7,18,NA,NA,NA,NA,NA
2019,4,7,21,NA,NA,NA,NA,NA
2019,4,8,0,NA,NA,NA,NA,NA
2019,4,8,3,NA,NA,NA,NA,NA
2019,4,8,6,NA,NA,NA,NA,NA
2019,4,8,9,NA,NA,NA,NA,NA
2019,4,8,12,NA,NA,NA,NA,NA
2019,4,8,15,NA,NA,NA,NA,NA
2019,4,8,18,NA,NA,NA,NA,NA
2019,4,8,21,NA,NA,NA,NA,NA
2019,4,9,0,NA,NA,NA,NA,NA
2019,4,9,3,NA,NA,NA,NA,NA
2019,4,9,6,NA,NA,NA,NA,NA
2019,4,9,9,NA,NA,NA,NA,NA
2019,4,9,12,NA,NA,NA,NA,NA
2019,4,9,15,NA,NA,NA,NA,NA
2019,4,9,18,NA,NA,NA,NA,NA
2019,4,9,21,NA,NA,NA,NA,NA
2019,4,10,0,NA,NA,NA,NA,NA
2019,4,10,3,NA,NA,NA,NA,NA
2019,4,10,6,NA,NA,NA,NA,NA
2019,4,10,9,NA,NA,NA,NA,NA
2019,4,10,12,NA,NA,NA,NA,NA
2019,4,10,15,NA,NA,NA,NA,NA
2019,4,10,18,NA,NA,NA,NA,NA
2019,4,10,21,NA,NA,NA,NA,NA
2019,4,11,0,NA,NA,NA,NA,NA
2019,4,11,3,NA,NA,NA,NA,NA
2019,4,11,6,NA,NA,NA,NA,NA
2019,4,11,9,NA,NA,NA,NA,NA
2019,4,11,12,NA,NA,NA,NA,NA
2019,4,11,15,NA,NA,NA,NA,NA
2019,4,11,18,NA,NA,NA,NA,NA
2019,4,11,21,NA,NA,NA,NA,NA
2019,4,12,0,NA,NA,NA,NA,NA
2019,4,12,3,NA,NA,NA,NA,NA
2019,4,12,6,NA,NA,NA,NA,NA
2019,4,12,9,NA,NA,NA,NA,NA
2019,4,12,12,NA,NA,NA,NA,NA
2019,4,12,15,NA,NA,NA,NA,NA
2019,4,12,18,NA,NA,NA,NA,NA
2019,4,12,21,NA,NA,NA,NA,NA
2019,4,13,0,NA,NA,NA,NA,NA
2019,4,13,3,NA,NA,NA,NA,NA
2019,4,13,6,NA,NA,NA,NA,NA
2019,4,13,9,NA,NA,NA,NA,NA
2019,4,13,12,NA,NA,NA,NA,NA
2019,4,13,15,NA,NA,NA,NA,NA
2019,4,13,18,NA,NA,NA,NA,NA
2019,4,13,21,NA,NA,NA,NA,NA
2019,4,14,0,NA,NA,NA,NA,NA
2019,4,14,3,NA,NA,NA,NA,NA
2019,4,14,6,NA,NA,NA,NA,NA
2019,4,14,9,NA,NA,NA,NA,NA
2019,4,14,12,NA,NA,NA,NA,NA
2019,4,14,15,NA,NA,NA,NA,NA
2019,4,14,18,NA,NA,NA,NA,NA
2019,4,14,21,NA,NA,NA,NA,NA
2019,4,15,0,NA,NA,NA,NA,NA
2019,4,15,3,NA,NA,NA,NA,NA
2019,4,15,6,NA,NA,NA,NA,NA
2019,4,15,9,NA,NA,NA,NA,NA
2019,4,15,12,NA,NA,NA,NA,NA
2019,4,15,15,NA,NA,NA,NA,NA
2019,4,15,18,NA,NA,NA,NA,NA
2019,4,15,21,NA,NA,NA,NA,NA
2019,4,16,0,NA,NA,NA,NA,NA
2019,4,16,3,NA,NA,NA,NA,NA
2019,4,16,6,NA,NA,NA,NA,NA
2019,4,16,9,NA,NA,NA,NA,NA
2019,4,16,12,NA,NA,NA,NA,NA
2019,4,16,15,NA,NA,NA,NA,NA
2019,4,16,18,NA,NA,NA,NA,NA
2019,4,16,21,NA,NA,NA,NA,NA
2019,4,17,0,NA,NA,NA,NA,NA
2019,4,17,3,NA,NA,NA,NA,NA
2019,4,17,6,NA,NA,NA,NA,NA
2019,4,17,9,NA,NA,NA,NA,NA
2019,4,17,12,NA,NA,NA,NA,NA
2019,4,17,15,NA,NA,NA,NA,NA
2019,4,17,18,NA,NA,NA,NA,NA
2019,4,17,21,NA,NA,NA,NA,NA
2019,4,18,0,NA,NA,NA,NA,NA
2019,4,18,3,NA,NA,NA,NA,NA
2019,4,18,6,NA,NA,NA,NA,NA
2019,4,18,9,NA,NA,NA,NA,NA
2019,4,18,12,NA,NA,NA,NA,NA
2019,4,18,15,NA,NA,NA,NA,NA
2019,4,18,18,NA,NA,NA,NA,NA
2019,4,18,21,NA,NA,NA,NA,NA
2019,4,19,0,NA,NA,NA,NA,NA
2019,4,19,3,NA,NA,NA,NA,NA
2019,4,19,6,NA,NA,NA,NA,NA
2019,4,19,9,NA,NA,NA,NA,NA
2019,4,19,12,NA,NA,NA,NA,NA
2019,4,19,15,NA,NA,NA,NA,NA
2019,4,19,18,NA,NA,NA,NA,NA
2019,4,19,21,NA,NA,NA,NA,NA
2019,4,20,0,NA,NA,NA,NA,NA
2019,4,20,3,NA,NA,NA,NA,NA
2019,4,20,6,NA,NA,NA,NA,NA
2019,4,20,9,NA,NA,NA,NA,NA
2019,4,20,12,NA,NA,NA,NA,NA
2019,4,20,15,NA,NA,NA,NA,NA
2019,4,20,18,NA,NA,NA,NA,NA
2019,4,20,21,NA,NA,NA,NA,NA
2019,4,21,0,NA,NA,NA,NA,NA
2019,4,21,3,NA,NA,NA,NA,NA
2019,4,21,6,NA,NA,NA,NA,NA
2019,4,21,9,NA,NA,NA,NA,NA
2019,4,21,12,NA,NA,NA,NA,NA
2019,4,21,15,NA,NA,NA,NA,NA
2019,4,21,18,NA,NA,NA,NA,NA
2019,4,21,21,NA,NA,NA,NA,NA
2019,4,22,0,NA,NA,NA,NA,NA
2019,4,22,3,NA,NA,NA,NA,NA
2019,4,22,6,NA,NA,NA,NA,NA
2019,4,22,9,NA,NA,NA,NA,NA
2019,4,22,12,NA,NA,NA,NA,NA
2019,4,22,15,NA,NA,NA,NA,NA
2019,4,22,18,NA,NA,NA,NA,NA
2019,4,22,21,NA,NA,NA,NA,NA
2019,4,23,0,NA,NA,NA,NA,NA
2019,4,23,3,NA,NA,NA,NA,NA
2019,4,23,6,NA,NA,NA,NA,NA
2019,4,23,9,NA,NA,NA,NA,NA
2019,4,23,12,NA,NA,NA,NA,NA
2019,4,23,15,NA,NA,NA,NA,NA
2019,4,23,18,NA,NA,NA,NA,NA
2019,4,23,21,NA,NA,NA,NA,NA
2019,4,24,0,NA,NA,NA,NA,NA
2019,4,24,3,NA,NA,NA,NA,NA
2019,4,24,6,NA,NA,NA,NA,NA
2019,4,24,9,NA,NA,NA,NA,NA
2019,4,24,12,NA,NA,NA,NA,NA
2019,4,24,15,NA,NA,NA,NA,NA
2019,4,24,18,NA,NA,NA,NA,NA
2019,4,24,21,NA,NA,NA,NA,NA
2019,4,25,0,NA,NA,NA,NA,NA
2019,4,25,3,NA,NA,NA,NA,NA
2019,4,25,6,NA,NA,NA,NA,NA
2019,4,25,9,NA,NA,NA,NA,NA
2019,4,25,12,NA,NA,NA,NA,NA
2019,4,25,15,NA,NA,NA,NA,NA
2019,4,25,18,NA,NA,NA,NA,NA
2019,4,25,21,NA,NA,NA,NA,NA
2019,4,26,0,NA,NA,NA,NA,NA
2019,4,26,3,NA,NA,NA,NA,NA
2019,4,26,6,NA,NA,NA,NA,NA
2019,4,26,9,NA,NA,NA,NA,NA
2019,4,26,12,NA,NA,NA,NA,NA
2019,4,26,15,NA,NA,NA,NA,NA
2019,4,26,18,NA,NA,NA,NA,NA
2019,4,26,21,NA,NA,NA,NA,NA
2019,4,27,0,NA,NA,NA,NA,NA
2019,4,27,3,NA,NA,NA,NA,NA
2019,4,27,6,NA,NA,NA,NA,NA
2019,4,27,9,NA,NA,NA,NA,NA
2019,4,27,12,NA,NA,NA,NA,NA
2019,4,27,15,NA,NA,NA,NA,NA
2019,4,27,18,NA,NA,NA,NA,NA
2019,4,27,21,NA,NA,NA,NA,NA
2019,4,28,0,NA,NA,NA,NA,NA
2019,4,28,3,NA,NA,NA,NA,NA
2019,4,28,6,NA,NA,NA,NA,NA
2019,4,28,9,NA,NA,NA,NA,NA
2019,4,28,12,NA,NA,NA,NA,NA
2019,4,28,15,NA,NA,NA,NA,NA
2019,4,28,18,NA,NA,NA,NA,NA
2019,4,28,21,NA,NA,NA,NA,NA
2019,4,29,0,NA,NA,NA,NA,NA
2019,4,29,3,NA,NA,NA,NA,NA
2019,4,29,6,NA,NA,NA,NA,NA
2019,4,29,9,NA,NA,NA,NA,NA
2019,4,29,12,NA,NA,NA,NA,NA
2019,4,29,15,NA,NA,NA,NA,NA
2019,4,29,18,NA,NA,NA,NA,NA
2019,4,29,21,NA,NA,NA,NA,NA
2019,4,30,0,NA,NA,NA,NA,NA
2019,4,30,3,NA,NA,NA,NA,NA
2019,4,30,6,NA,NA,NA,NA,NA
2019,4,30,9,NA,NA,NA,NA,NA
2019,4,30,12,NA,NA,NA,NA,NA
2019,4,30,15,NA,NA,NA,NA,NA
2019,4,30,18,NA,NA,NA,NA,NA
2019,4,30,21,NA,NA,NA,NA,NA
2019,5,1,0,NA,NA,NA,NA,NA
2019,5,1,3,NA,NA,NA,NA,NA
2019,5,1,6,NA,NA,NA,NA,NA
2019,5,1,9,NA,NA,NA,NA,NA
2019,5,1,12,NA,NA,NA,NA,NA
2019,5,1,15,NA,NA,NA,NA,NA
2019,5,1,18,NA,NA,NA,NA,NA
2019,5,1,21,NA,NA,NA,NA,NA
2019,5,2,0,NA,NA,NA,NA,NA
2019,5,2,3,NA,NA,NA,NA,NA
2019,5,2,6,NA,NA,NA,NA,NA
2019,5,2,9,NA,NA,NA,NA,NA
2019,5,2,12,NA,NA,NA,NA,NA
2019,5,2,15,NA,NA,NA,NA,NA
2019,5,2,18,NA,NA,NA,NA,NA
2019,5,2,21,NA,NA,NA,NA,NA
2019,5,3,0,NA,NA,NA,NA,NA
2019,5,3,3,NA,NA,NA,NA,NA
2019,5,3,6,NA,NA,NA,NA,NA
2019,5,3,9,NA,NA,NA,NA,NA
2019,5,3,12,NA,NA,NA,NA,NA
2019,5,3,15,NA,NA,NA,NA,NA
2019,5,3,18,NA,NA,NA,NA,NA
2019,5,3,21,NA,NA,NA,NA,NA
2019,5,4,0,NA,NA,NA,NA,NA
2019,5,4,3,NA,NA,NA,NA,NA
2019,5,4,6,NA,NA,NA,NA,NA
2019,5,4,9,NA,NA,NA,NA,NA
2019,5,4,12,NA,NA,NA,NA,NA
2019,5,4,15,NA,NA,NA,NA,NA
2019,5,4,18,NA,NA,NA,NA,NA
2019,5,4,21,NA,NA,NA,NA,NA
2019,5,5,0,NA,NA,NA,NA,NA
2019,5,5,3,NA,NA,NA,NA,NA
2019,5,5,6,NA,NA,NA,NA,NA
2019,5,5,9,NA,NA,NA,NA,NA
2019,5,5,12,NA,NA,NA,NA,NA
2019,5,5,15,NA,NA,NA,NA,NA
2019,5,5,18,NA,NA,NA,NA,NA
2019,5,5,21,NA,NA,NA,NA,NA
2019,5,6,0,NA,NA,NA,NA,NA
2019,5,6,3,NA,NA,NA,NA,NA
2019,5,6,6,NA,NA,NA,NA,NA
2019,5,6,9,NA,NA,NA,NA,NA
2019,5,6,12,NA,NA,NA,NA,NA
2019,5,6,15,NA,NA,NA,NA,NA
2019,5,6,18,NA,NA,NA,NA,NA
2019,5,6,21,NA,NA,NA,NA,NA
2019,5,7,0,NA,NA,NA,NA,NA
2019,5,7,3,NA,NA,NA,NA,NA
2019,5,7,6,NA,NA,NA,NA,NA
2019,5,7,9,NA,NA,NA,NA,NA
2019,5,7,12,NA,NA,NA,NA,NA
2019,5,7,15,NA,NA,NA,NA,NA
2019,5,7,18,NA,NA,NA,NA,NA
2019,5,7,21,NA,NA,NA,NA,NA
2019,5,8,0,NA,NA,NA,NA,NA
2019,5,8,3,NA,NA,NA,NA,NA
2019,5,8,6,NA,NA,NA,NA,NA
2019,5,8,9,NA,NA,NA,NA,NA
2019,5,8,12,NA,NA,NA,NA,NA
2019,5,8,15,NA,NA,NA,NA,NA
2019,5,8,18,NA,NA,NA,NA,NA
2019,5,8,21,NA,NA,NA,NA,NA
2019,5,9,0,NA,NA,NA,NA,NA
2019,5,9,3,NA,NA,NA,NA,NA
2019,5,9,6,NA,NA,NA,NA,NA
2019,5,9,9,NA,NA,NA,NA,NA
2019,5,9,12,NA,NA,NA,NA,NA
2019,5,9,15,NA,NA,NA,NA,NA
2019,5,9,18,NA,NA,NA,NA,NA
2019,5,9,21,NA,NA,NA,NA,NA
2019,5,10,0,NA,NA,NA,NA,NA
2019,5,10,3,NA,NA,NA,NA,NA
2019,5,10,6,NA,NA,NA,NA,NA
2019,5,10,9,NA,NA,NA,NA,NA
2019,5,10,12,NA,NA,NA,NA,NA
2019,5,10,15,NA,NA,NA,NA,NA
2019,5,10,18,NA,NA,NA,NA,NA
2019,5,10,21,NA,NA,NA,NA,NA
2019,5,11,0,NA,NA,NA,NA,NA
2019,5,11,3,NA,NA,NA,NA,NA
2019,5,11,6,NA,NA,NA,NA,NA
2019,5,11,9,NA,NA,NA,NA,NA
2019,5,11,12,NA,NA,NA,NA,NA
2019,5,11,15,NA,NA,NA,NA,NA
2019,5,11,18,NA,NA,NA,NA,NA
2019,5,11,21,NA,NA,NA,NA,NA
2019,5,12,0,NA,NA,NA,NA,NA
2019,5,12,3,NA,NA,NA,NA,NA
2019,5,12,6,NA,NA,NA,NA,NA
2019,5,12,9,NA,NA,NA,NA,NA
2019,5,12,12,NA,NA,NA,NA,NA
2019,5,12,15,NA,NA,NA,NA,NA
2019,5,12,18,NA,NA,NA,NA,NA
2019,5,12,21,NA,NA,NA,NA,NA
2019,5,13,0,NA,NA,NA,NA,NA
2019,5,13,3,NA,NA,NA,NA,NA
2019,5,13,6,NA,NA,NA,NA,NA
2019,5,13,9,NA,NA,NA,NA,NA
2019,5,13,12,NA,NA,NA,NA,NA
2019,5,13,15,NA,NA,NA,NA,NA
2019,5,13,18,NA,NA,NA,NA,NA
2019,5,13,21,NA,NA,NA,NA,NA
2019,5,14,0,NA,NA,NA,NA,NA
2019,5,14,3,NA,NA,NA,NA,NA
2019,5,14,6,NA,NA,NA,NA,NA
2019,5,14,9,NA,NA,NA,NA,NA
2019,5,14,12,NA,NA,NA,NA,NA
2019,5,14,15,NA,NA,NA,NA,NA
2019,5,14,18,NA,NA,NA,NA,NA
2019,5,14,21,NA,NA,NA,NA,NA
2019,5,15,0,NA,NA,NA,NA,NA
2019,5,15,3,NA,NA,NA,NA,NA
2019,5,15,6,NA,NA,NA,NA,NA
2019,5,15,9,NA,NA,NA,NA,NA
2019,5,15,12,NA,NA,NA,NA,NA
2019,5,15,15,NA,NA,NA,NA,NA
2019,5,15,18,NA,NA,NA,NA,NA
2019,5,15,21,NA,NA,NA,NA,NA
2019,5,16,0,NA,NA,NA,NA,NA
2019,5,16,3,NA,NA,NA,NA,NA
2019,5,16,6,NA,NA,NA,NA,NA
2019,5,16,9,NA,NA,NA,NA,NA
2019,5,16,12,NA,NA,NA,NA,NA
2019,5,16,15,NA,NA,NA,NA,NA
2019,5,16,18,NA,NA,NA,NA,NA
2019,5,16,21,NA,NA,NA,NA,NA
2019,5,17,0,NA,NA,NA,NA,NA
2019,5,17,3,NA,NA,NA,NA,NA
2019,5,17,6,NA,NA,NA,NA,NA
2019,5,17,9,NA,NA,NA,NA,NA
2019,5,17,12,NA,NA,NA,NA,NA
2019,5,17,15,NA,NA,NA,NA,NA
2019,5,17,18,NA,NA,NA,NA,NA
2019,5,17,21,NA,NA,NA,NA,NA
2019,5,18,0,NA,NA,NA,NA,NA
2019,5,18,3,NA,NA,NA,NA,NA
2019,5,18,6,NA,NA,NA,NA,NA
2019,5,18,9,NA,NA,NA,NA,NA
2019,5,18,12,NA,NA,NA,NA,NA
2019,5,18,15,NA,NA,NA,NA,NA
2019,5,18,18,NA,NA,NA,NA,NA
2019,5,18,21,NA,NA,NA,NA,NA
2019,5,19,0,NA,NA,NA,NA,NA
2019,5,19,3,NA,NA,NA,NA,NA
2019,5,19,6,NA,NA,NA,NA,NA
2019,5,19,9,NA,NA,NA,NA,NA
2019,5,19,12,NA,NA,NA,NA,NA
2019,5,19,15,NA,NA,NA,NA,NA
2019,5,19,18,NA,NA,NA,NA,NA
2019,5,19,21,NA,NA,NA,NA,NA
2019,5,20,0,NA,NA,NA,NA,NA
2019,5,20,3,NA,NA,NA,NA,NA
2019,5,20,6,NA,NA,NA,NA,NA
2019,5,20,9,NA,NA,NA,NA,NA
2019,5,20,12,NA,NA,NA,NA,NA
2019,5,20,15,NA,NA,NA,NA,NA
2019,5,20,18,NA,NA,NA,NA,NA
2019,5,20,21,NA,NA,NA,NA,NA
2019,5,21,0,NA,NA,NA,NA,NA
2019,5,21,3,NA,NA,NA,NA,NA
2019,5,21,6,NA,NA,NA,NA,NA
2019,5,21,9,NA,NA,NA,NA,NA
2019,5,21,12,NA,NA,NA,NA,NA
2019,5,21,15,NA,NA,NA,NA,NA
2019,5,21,18,NA,NA,NA,NA,NA
2019,5,21,21,NA,NA,NA,NA,NA
2019,5,22,0,NA,NA,NA,NA,NA
2019,5,22,3,NA,NA,NA,NA,NA
2019,5,22,6,NA,NA,NA,NA,NA
2019,5,22,9,NA,NA,NA,NA,NA
2019,5,22,12,NA,NA,NA,NA,NA
2019,5,22,15,NA,NA,NA,NA,NA
2019,5,22,18,NA,NA,NA,NA,NA
2019,5,22,21,NA,NA,NA,NA,NA
2019,5,23,0,NA,NA,NA,NA,NA
2019,5,23,3,NA,NA,NA,NA,NA
2019,5,23,6,NA,NA,NA,NA,NA
2019,5,23,9,NA,NA,NA,NA,NA
2019,5,23,12,NA,NA,NA,NA,NA
2019,5,23,15,NA,NA,NA,NA,NA
2019,5,23,18,NA,NA,NA,NA,NA
2019,5,23,21,NA,NA,NA,NA,NA
2019,5,24,0,NA,NA,NA,NA,NA
2019,5,24,3,NA,NA,NA,NA,NA
2019,5,24,6,NA,NA,NA,NA,NA
2019,5,24,9,NA,NA,NA,NA,NA
2019,5,24,12,NA,NA,NA,NA,NA
2019,5,24,15,NA,NA,NA,NA,NA
2019,5,24,18,NA,NA,NA,NA,NA
2019,5,24,21,NA,NA,NA,NA,NA
2019,5,25,0,NA,NA,NA,NA,NA
2019,5,25,3,NA,NA,NA,NA,NA
2019,5,25,6,NA,NA,NA,NA,NA
2019,5,25,9,NA,NA,NA,NA,NA
2019,5,25,12,NA,NA,NA,NA,NA
2019,5,25,15,NA,NA,NA,NA,NA
2019,5,25,18,NA,NA,NA,NA,NA
2019,5,25,21,NA,NA,NA,NA,NA
2019,5,26,0,NA,NA,NA,NA,NA
2019,5,26,3,NA,NA,NA,NA,NA
2019,5,26,6,NA,NA,NA,NA,NA
2019,5,26,9,NA,NA,NA,NA,NA
2019,5,26,12,NA,NA,NA,NA,NA
2019,5,26,15,NA,NA,NA,NA,NA
2019,5,26,18,NA,NA,NA,NA,NA
2019,5,26,21,NA,NA,NA,NA,NA
2019,5,27,0,NA,NA,NA,NA,NA
2019,5,27,3,NA,NA,NA,NA,NA
2019,5,27,6,NA,NA,NA,NA,NA
2019,5,27,9,NA,NA,NA,NA,NA
2019,5,27,12,NA,NA,NA,NA,NA
2019,5,27,15,NA,NA,NA,NA,NA
2019,5,27,18,NA,NA,NA,NA,NA
2019,5,27,21,NA,NA,NA,NA,NA
2019,5,28,0,NA,NA,NA,NA,NA
2019,5,28,3,NA,NA,NA,NA,NA
2019,5,28,6,NA,NA,NA,NA,NA
2019,5,28,9,NA,NA,NA,NA,NA
2019,5,28,12,NA,NA,NA,NA,NA
2019,5,28,15,NA,NA,NA,NA,NA
2019,5,28,18,NA,NA,NA,NA,NA
2019,5,28,21,NA,NA,NA,NA,NA
2019,5,29,0,NA,NA,NA,NA,NA
2019,5,29,3,NA,NA,NA,NA,NA
2019,5,29,6,NA,NA,NA,NA,NA
2019,5,29,9,NA,NA,NA,NA,NA
2019,5,29,12,NA,NA,NA,NA,NA
2019,5,29,15,NA,NA,NA,NA,NA
2019,5,29,18,NA,NA,NA,NA,NA
2019,5,29,21,NA,NA,NA,NA,NA
2019,5,30,0,NA,NA,NA,NA,NA
2019,5,30,3,NA,NA,NA,NA,NA
2019,5,30,6,NA,NA,NA,NA,NA
2019,5,30,9,NA,NA,NA,NA,NA
2019,5,30,12,NA,NA,NA,NA,NA
2019,5,30,15,NA,NA,NA,NA,NA
2019,5,30,18,NA,NA,NA,NA,NA
2019,5,30,21,NA,NA,NA,NA,NA
2019,5,31,0,NA,NA,NA,NA,NA
2019,5,31,3,NA,NA,NA,NA,NA
2019,5,31,6,NA,NA,NA,NA,NA
2019,5,31,9,NA,NA,NA,NA,NA
2019,5,31,12,NA,NA,NA,NA,NA
2019,5,31,15,NA,NA,NA,NA,NA
2019,5,31,18,NA,NA,NA,NA,NA
2019,5,31,21,NA,NA,NA,NA,NA
2019,6,1,0,NA,NA,NA,NA,NA
2019,6,1,3,NA,NA,NA,NA,NA
2019,6,1,6,NA,NA,NA,NA,NA
2019,6,1,9,NA,NA,NA,NA,NA
2019,6,1,12,NA,NA,NA,NA,NA
2019,6,1,15,NA,NA,NA,NA,NA
2019,6,1,18,NA,NA,NA,NA,NA
2019,6,1,21,NA,NA,NA,NA,NA
2019,6,2,0,NA,NA,NA,NA,NA
2019,6,2,3,NA,NA,NA,NA,NA
2019,6,2,6,NA,NA,NA,NA,NA
2019,6,2,9,NA,NA,NA,NA,NA
2019,6,2,12,NA,NA,NA,NA,NA
2019,6,2,15,NA,NA,NA,NA,NA
2019,6,2,18,NA,NA,NA,NA,NA
2019,6,2,21,NA,NA,NA,NA,NA
2019,6,3,0,NA,NA,NA,NA,NA
2019,6,3,3,NA,NA,NA,NA,NA
2019,6,3,6,NA,NA,NA,NA,NA
2019,6,3,9,NA,NA,NA,NA,NA
2019,6,3,12,NA,NA,NA,NA,NA
2019,6,3,15,NA,NA,NA,NA,NA
2019,6,3,18,NA,NA,NA,NA,NA
2019,6,3,21,NA,NA,NA,NA,NA
2019,6,4,0,NA,NA,NA,NA,NA
2019,6,4,3,NA,NA,NA,NA,NA
2019,6,4,6,NA,NA,NA,NA,NA
2019,6,4,9,NA,NA,NA,NA,NA
2019,6,4,12,NA,NA,NA,NA,NA
2019,6,4,15,NA,NA,NA,NA,NA
2019,6,4,18,NA,NA,NA,NA,NA
2019,6,4,21,NA,NA,NA,NA,NA
2019,6,5,0,NA,NA,NA,NA,NA
2019,6,5,3,NA,NA,NA,NA,NA
2019,6,5,6,NA,NA,NA,NA,NA
2019,6,5,9,NA,NA,NA,NA,NA
2019,6,5,12,NA,NA,NA,NA,NA
2019,6,5,15,NA,NA,NA,NA,NA
2019,6,5,18,NA,NA,NA,NA,NA
2019,6,5,21,NA,NA,NA,NA,NA
2019,6,6,0,NA,NA,NA,NA,NA
2019,6,6,3,NA,NA,NA,NA,NA
2019,6,6,6,NA,NA,NA,NA,NA
2019,6,6,9,NA,NA,NA,NA,NA
2019,6,6,12,NA,NA,NA,NA,NA
2019,6,6,15,NA,NA,NA,NA,NA
2019,6,6,18,NA,NA,NA,NA,NA
2019,6,6,21,NA,NA,NA,NA,NA
2019,6,7,0,NA,NA,NA,NA,NA
2019,6,7,3,NA,NA,NA,NA,NA
2019,6,7,6,NA,NA,NA,NA,NA
2019,6,7,9,NA,NA,NA,NA,NA
2019,6,7,12,NA,NA,NA,NA,NA
2019,6,7,15,NA,NA,NA,NA,NA
2019,6,7,18,NA,NA,NA,NA,NA
2019,6,7,21,NA,NA,NA,NA,NA
2019,6,8,0,NA,NA,NA,NA,NA
2019,6,8,3,NA,NA,NA,NA,NA
2019,6,8,6,NA,NA,NA,NA,NA
2019,6,8,9,NA,NA,NA,NA,NA
2019,6,8,12,NA,NA,NA,NA,NA
2019,6,8,15,NA,NA,NA,NA,NA
2019,6,8,18,NA,NA,NA,NA,NA
2019,6,8,21,NA,NA,NA,NA,NA
2019,6,9,0,NA,NA,NA,NA,NA
2019,6,9,3,NA,NA,NA,NA,NA
2019,6,9,6,NA,NA,NA,NA,NA
2019,6,9,9,NA,NA,NA,NA,NA
2019,6,9,12,NA,NA,NA,NA,NA
2019,6,9,15,NA,NA,NA,NA,NA
2019,6,9,18,NA,NA,NA,NA,NA
2019,6,9,21,NA,NA,NA,NA,NA
2019,6,10,0,NA,NA,NA,NA,NA
2019,6,10,3,NA,NA,NA,NA,NA
2019,6,10,6,NA,NA,NA,NA,NA
2019,6,10,9,NA,NA,NA,NA,NA
2019,6,10,12,NA,NA,NA,NA,NA
2019,6,10,15,NA,NA,NA,NA,NA
2019,6,10,18,NA,NA,NA,NA,NA
2019,6,10,21,NA,NA,NA,NA,NA
2019,6,11,0,NA,NA,NA,NA,NA
2019,6,11,3,NA,NA,NA,NA,NA
2019,6,11,6,NA,NA,NA,NA,NA
2019,6,11,9,NA,NA,NA,NA,NA
2019,6,11,12,NA,NA,NA,NA,NA
2019,6,11,15,NA,NA,NA,NA,NA
2019,6,11,18,NA,NA,NA,NA,NA
2019,6,11,21,NA,NA,NA,NA,NA
2019,6,12,0,NA,NA,NA,NA,NA
2019,6,12,3,NA,NA,NA,NA,NA
2019,6,12,6,NA,NA,NA,NA,NA
2019,6,12,9,NA,NA,NA,NA,NA
2019,6,12,12,NA,NA,NA,NA,NA
2019,6,12,15,NA,NA,NA,NA,NA
2019,6,12,18,NA,NA,NA,NA,NA
2019,6,12,21,NA,NA,NA,NA,NA
2019,6,13,0,NA,NA,NA,NA,NA
2019,6,13,3,NA,NA,NA,NA,NA
2019,6,13,6,NA,NA,NA,NA,NA
2019,6,13,9,NA,NA,NA,NA,NA
2019,6,13,12,NA,NA,NA,NA,NA
2019,6,13,15,NA,NA,NA,NA,NA
2019,6,13,18,NA,NA,NA,NA,NA
2019,6,13,21,NA,NA,NA,NA,NA
2019,6,14,0,NA,NA,NA,NA,NA
2019,6,14,3,NA,NA,NA,NA,NA
2019,6,14,6,NA,NA,NA,NA,NA
2019,6,14,9,NA,NA,NA,NA,NA
2019,6,14,12,NA,NA,NA,NA,NA
2019,6,14,15,NA,NA,NA,NA,NA
2019,6,14,18,NA,NA,NA,NA,NA
2019,6,14,21,NA,NA,NA,NA,NA
2019,6,15,0,NA,NA,NA,NA,NA
2019,6,15,3,NA,NA,NA,NA,NA
2019,6,15,6,NA,NA,NA,NA,NA
2019,6,15,9,NA,NA,NA,NA,NA
2019,6,15,12,NA,NA,NA,NA,NA
2019,6,15,15,NA,NA,NA,NA,NA
2019,6,15,18,NA,NA,NA,NA,NA
2019,6,15,21,NA,NA,NA,NA,NA
2019,6,16,0,NA,NA,NA,NA,NA
2019,6,16,3,NA,NA,NA,NA,NA
2019,6,16,6,NA,NA,NA,NA,NA
2019,6,16,9,NA,NA,NA,NA,NA
2019,6,16,12,NA,NA,NA,NA,NA
2019,6,16,15,NA,NA,NA,NA,NA
2019,6,16,18,NA,NA,NA,NA,NA
2019,6,16,21,NA,NA,NA,NA,NA
2019,6,17,0,NA,NA,NA,NA,NA
2019,6,17,3,NA,NA,NA,NA,NA
2019,6,17,6,NA,NA,NA,NA,NA
2019,6,17,9,NA,NA,NA,NA,NA
2019,6,17,12,NA,NA,NA,NA,NA
2019,6,17,15,NA,NA,NA,NA,NA
2019,6,17,18,NA,NA,NA,NA,NA
2019,6,17,21,NA,NA,NA,NA,NA
2019,6,18,0,NA,NA,NA,NA,NA
2019,6,18,3,NA,NA,NA,NA,NA
2019,6,18,6,NA,NA,NA,NA,NA
2019,6,18,9,NA,NA,NA,NA,NA
2019,6,18,12,NA,NA,NA,NA,NA
2019,6,18,15,NA,NA,NA,NA,NA
2019,6,18,18,NA,NA,NA,NA,NA
2019,6,18,21,NA,NA,NA,NA,NA
2019,6,19,0,NA,NA,NA,NA,NA
2019,6,19,3,NA,NA,NA,NA,NA
2019,6,19,6,NA,NA,NA,NA,NA
2019,6,19,9,NA,NA,NA,NA,NA
2019,6,19,12,NA,NA,NA,NA,NA
2019,6,19,15,NA,NA,NA,NA,NA
2019,6,19,18,NA,NA,NA,NA,NA
2019,6,19,21,NA,NA,NA,NA,NA
2019,6,20,0,NA,NA,NA,NA,NA
2019,6,20,3,NA,NA,NA,NA,NA
2019,6,20,6,NA,NA,NA,NA,NA
2019,6,20,9,NA,NA,NA,NA,NA
2019,6,20,12,NA,NA,NA,NA,NA
2019,6,20,15,NA,NA,NA,NA,NA
2019,6,20,18,NA,NA,NA,NA,NA
2019,6,20,21,NA,NA,NA,NA,NA
2019,6,21,0,NA,NA,NA,NA,NA
2019,6,21,3,NA,NA,NA,NA,NA
2019,6,21,6,NA,NA,NA,NA,NA
2019,6,21,9,NA,NA,NA,NA,NA
2019,6,21,12,NA,NA,NA,NA,NA
2019,6,21,15,NA,NA,NA,NA,NA
2019,6,21,18,NA,NA,NA,NA,NA
2019,6,21,21,NA,NA,NA,NA,NA
2019,6,22,0,NA,NA,NA,NA,NA
2019,6,22,3,NA,NA,NA,NA,NA
2019,6,22,6,NA,NA,NA,NA,NA
2019,6,22,9,NA,NA,NA,NA,NA
2019,6,22,12,NA,NA,NA,NA,NA
2019,6,22,15,NA,NA,NA,NA,NA
2019,6,22,18,NA,NA,NA,NA,NA
2019,6,22,21,NA,NA,NA,NA,NA
2019,6,23,0,NA,NA,NA,NA,NA
2019,6,23,3,NA,NA,NA,NA,NA
2019,6,23,6,NA,NA,NA,NA,NA
2019,6,23,9,NA,NA,NA,NA,NA
2019,6,23,12,NA,NA,NA,NA,NA
2019,6,23,15,NA,NA,NA,NA,NA
2019,6,23,18,NA,NA,NA,NA,NA
2019,6,23,21,NA,NA,NA,NA,NA
2019,6,24,0,NA,NA,NA,NA,NA
2019,6,24,3,NA,NA,NA,NA,NA
2019,6,24,6,NA,NA,NA,NA,NA
2019,6,24,9,NA,NA,NA,NA,NA
2019,6,24,12,NA,NA,NA,NA,NA
2019,6,24,15,NA,NA,NA,NA,NA
2019,6,24,18,NA,NA,NA,NA,NA
2019,6,24,21,NA,NA,NA,NA,NA
2019,6,25,0,NA,NA,NA,NA,NA
2019,6,25,3,NA,NA,NA,NA,NA
2019,6,25,6,NA,NA,NA,NA,NA
2019,6,25,9,NA,NA,NA,NA,NA
2019,6,25,12,NA,NA,NA,NA,NA
2019,6,25,15,NA,NA,NA,NA,NA
2019,6,25,18,NA,NA,NA,NA,NA
2019,6,25,21,NA,NA,NA,NA,NA
2019,6,26,0,NA,NA,NA,NA,NA
2019,6,26,3,NA,NA,NA,NA,NA
2019,6,26,6,NA,NA,NA,NA,NA
2019,6,26,9,NA,NA,NA,NA,NA
2019,6,26,12,NA,NA,NA,NA,NA
2019,6,26,15,NA,NA,NA,NA,NA
2019,6,26,18,NA,NA,NA,NA,NA
2019,6,26,21,NA,NA,NA,NA,NA
2019,6,27,0,NA,NA,NA,NA,NA
2019,6,27,3,NA,NA,NA,NA,NA
2019,6,27,6,NA,NA,NA,NA,NA
2019,6,27,9,NA,NA,NA,NA,NA
2019,6,27,12,NA,NA,NA,NA,NA
2019,6,27,15,NA,NA,NA,NA,NA
2019,6,27,18,NA,NA,NA,NA,NA
2019,6,27,21,NA,NA,NA,NA,NA
2019,6,28,0,NA,NA,NA,NA,NA
2019,6,28,3,NA,NA,NA,NA,NA
2019,6,28,6,NA,NA,NA,NA,NA
2019,6,28,9,NA,NA,NA,NA,NA
2019,6,28,12,NA,NA,NA,NA,NA
2019,6,28,15,NA,NA,NA,NA,NA
2019,6,28,18,NA,NA,NA,NA,NA
2019,6,28,21,NA,NA,NA,NA,NA
2019,6,29,0,NA,NA,NA,NA,NA
2019,6,29,3,NA,NA,NA,NA,NA
2019,6,29,6,NA,NA,NA,NA,NA
2019,6,29,9,NA,NA,NA,NA,NA
2019,6,29,12,NA,NA,NA,NA,NA
2019,6,29,15,NA,NA,NA,NA,NA
2019,6,29,18,NA,NA,NA,NA,NA
2019,6,29,21,NA,NA,NA,NA,NA
2019,6,30,0,NA,NA,NA,NA,NA
2019,6,30,3,NA,NA,NA,NA,NA
2019,6,30,6,NA,NA,NA,NA,NA
2019,6,30,9,NA,NA,NA,NA,NA
2019,6,30,12,NA,NA,NA,NA,NA
2019,6,30,15,NA,NA,NA,NA,NA
2019,6,30,18,NA,NA,NA,NA,NA
2019,6,30,21,NA,NA,NA,NA,NA
2019,7,1,0,NA,NA,NA,NA,NA
2019,7,1,3,NA,NA,NA,NA,NA
2019,7,1,6,NA,NA,NA,NA,NA
2019,7,1,9,NA,NA,NA,NA,NA
2019,7,1,12,NA,NA,NA,NA,NA
2019,7,1,15,NA,NA,NA,NA,NA
2019,7,1,18,NA,NA,NA,NA,NA
2019,7,1,21,NA,NA,NA,NA,NA
2019,7,2,0,NA,NA,NA,NA,NA
2019,7,2,3,NA,NA,NA,NA,NA
2019,7,2,6,NA,NA,NA,NA,NA
2019,7,2,9,NA,NA,NA,NA,NA
2019,7,2,12,NA,NA,NA,NA,NA
2019,7,2,15,NA,NA,NA,NA,NA
2019,7,2,18,NA,NA,NA,NA,NA
2019,7,2,21,NA,NA,NA,NA,NA
2019,7,3,0,NA,NA,NA,NA,NA
2019,7,3,3,NA,NA,NA,NA,NA
2019,7,3,6,NA,NA,NA,NA,NA
2019,7,3,9,NA,NA,NA,NA,NA
2019,7,3,12,NA,NA,NA,NA,NA
2019,7,3,15,NA,NA,NA,NA,NA
2019,7,3,18,NA,NA,NA,NA,NA
2019,7,3,21,NA,NA,NA,NA,NA
2019,7,4,0,NA,NA,NA,NA,NA
2019,7,4,3,NA,NA,NA,NA,NA
2019,7,4,6,NA,NA,NA,NA,NA
2019,7,4,9,NA,NA,NA,NA,NA
2019,7,4,12,NA,NA,NA,NA,NA
2019,7,4,15,NA,NA,NA,NA,NA
2019,7,4,18,NA,NA,NA,NA,NA
2019,7,4,21,NA,NA,NA,NA,NA
2019,7,5,0,NA,NA,NA,NA,NA
2019,7,5,3,NA,NA,NA,NA,NA
2019,7,5,6,NA,NA,NA,NA,NA
2019,7,5,9,NA,NA,NA,NA,NA
2019,7,5,12,NA,NA,NA,NA,NA
2019,7,5,15,NA,NA,NA,NA,NA
2019,7,5,18,NA,NA,NA,NA,NA
2019,7,5,21,NA,NA,NA,NA,NA
2019,7,6,0,NA,NA,NA,NA,NA
2019,7,6,3,NA,NA,NA,NA,NA
2019,7,6,6,NA,NA,NA,NA,NA
2019,7,6,9,NA,NA,NA,NA,NA
2019,7,6,12,NA,NA,NA,NA,NA
2019,7,6,15,NA,NA,NA,NA,NA
2019,7,6,18,NA,NA,NA,NA,NA
2019,7,6,21,NA,NA,NA,NA,NA
2019,7,7,0,NA,NA,NA,NA,NA
2019,7,7,3,NA,NA,NA,NA,NA
2019,7,7,6,NA,NA,NA,NA,NA
2019,7,7,9,NA,NA,NA,NA,NA
2019,7,7,12,NA,NA,NA,NA,NA
2019,7,7,15,NA,NA,NA,NA,NA
2019,7,7,18,NA,NA,NA,NA,NA
2019,7,7,21,NA,NA,NA,NA,NA
2019,7,8,0,NA,NA,NA,NA,NA
2019,7,8,3,NA,NA,NA,NA,NA
2019,7,8,6,NA,NA,NA,NA,NA
2019,7,8,9,NA,NA,NA,NA,NA
2019,7,8,12,NA,NA,NA,NA,NA
2019,7,8,15,NA,NA,NA,NA,NA
2019,7,8,18,NA,NA,NA,NA,NA
2019,7,8,21,NA,NA,NA,NA,NA
2019,7,9,0,NA,NA,NA,NA,NA
2019,7,9,3,NA,NA,NA,NA,NA
2019,7,9,6,NA,NA,NA,NA,NA
2019,7,9,9,NA,NA,NA,NA,NA
2019,7,9,12,NA,NA,NA,NA,NA
2019,7,9,15,NA,NA,NA,NA,NA
2019,7,9,18,NA,NA,NA,NA,NA
2019,7,9,21,NA,NA,NA,NA,NA
2019,7,10,0,NA,NA,NA,NA,NA
2019,7,10,3,NA,NA,NA,NA,NA
2019,7,10,6,NA,NA,NA,NA,NA
2019,7,10,9,NA,NA,NA,NA,NA
2019,7,10,12,NA,NA,NA,NA,NA
2019,7,10,15,NA,NA,NA,NA,NA
2019,7,10,18,NA,NA,NA,NA,NA
2019,7,10,21,NA,NA,NA,NA,NA
2019,7,11,0,NA,NA,NA,NA,NA
2019,7,11,3,NA,NA,NA,NA,NA
2019,7,11,6,NA,NA,NA,NA,NA
2019,7,11,9,NA,NA,NA,NA,NA
2019,7,11,12,NA,NA,NA,NA,NA
2019,7,11,15,NA,NA,NA,NA,NA
2019,7,11,18,NA,NA,NA,NA,NA
2019,7,11,21,NA,NA,NA,NA,NA
2019,7,12,0,NA,NA,NA,NA,NA
2019,7,12,3,NA,NA,NA,NA,NA
2019,7,12,6,NA,NA,NA,NA,NA
2019,7,12,9,NA,NA,NA,NA,NA
2019,7,12,12,NA,NA,NA,NA,NA
2019,7,12,15,NA,NA,NA,NA,NA
2019,7,12,18,NA,NA,NA,NA,NA
2019,7,12,21,NA,NA,NA,NA,NA
2019,7,13,0,NA,NA,NA,NA,NA
2019,7,13,3,NA,NA,NA,NA,NA
2019,7,13,6,NA,NA,NA,NA,NA
2019,7,13,9,NA,NA,NA,NA,NA
2019,7,13,12,NA,NA,NA,NA,NA
2019,7,13,15,NA,NA,NA,NA,NA
2019,7,13,18,NA,NA,NA,NA,NA
2019,7,13,21,NA,NA,NA,NA,NA
2019,7,14,0,NA,NA,NA,NA,NA
2019,7,14,3,NA,NA,NA,NA,NA
2019,7,14,6,NA,NA,NA,NA,NA
2019,7,14,9,NA,NA,NA,NA,NA
2019,7,14,12,NA,NA,NA,NA,NA
2019,7,14,15,NA,NA,NA,NA,NA
2019,7,14,18,NA,NA,NA,NA,NA
2019,7,14,21,NA,NA,NA,NA,NA
2019,7,15,0,NA,NA,NA,NA,NA
2019,7,15,3,NA,NA,NA,NA,NA
2019,7,15,6,NA,NA,NA,NA,NA
2019,7,15,9,NA,NA,NA,NA,NA
2019,7,15,12,NA,NA,NA,NA,NA
2019,7,15,15,NA,NA,NA,NA,NA
2019,7,15,18,NA,NA,NA,NA,NA
2019,7,15,21,NA,NA,NA,NA,NA
2019,7,16,0,NA,NA,NA,NA,NA
2019,7,16,3,NA,NA,NA,NA,NA
2019,7,16,6,NA,NA,NA,NA,NA
2019,7,16,9,NA,NA,NA,NA,NA
2019,7,16,12,NA,NA,NA,NA,NA
2019,7,16,15,NA,NA,NA,NA,NA
2019,7,16,18,NA,NA,NA,NA,NA
2019,7,16,21,NA,NA,NA,NA,NA
2019,7,17,0,NA,NA,NA,NA,NA
2019,7,17,3,NA,NA,NA,NA,NA
2019,7,17,6,NA,NA,NA,NA,NA
2019,7,17,9,NA,NA,NA,NA,NA
2019,7,17,12,NA,NA,NA,NA,NA
2019,7,17,15,NA,NA,NA,NA,NA
2019,7,17,18,NA,NA,NA,NA,NA
2019,7,17,21,NA,NA,NA,NA,NA
2019,7,18,0,NA,NA,NA,NA,NA
2019,7,18,3,NA,NA,NA,NA,NA
2019,7,18,6,NA,NA,NA,NA,NA
2019,7,18,9,NA,NA,NA,NA,NA
2019,7,18,12,NA,NA,NA,NA,NA
2019,7,18,15,NA,NA,NA,NA,NA
2019,7,18,18,NA,NA,NA,NA,NA
2019,7,18,21,NA,NA,NA,NA,NA
2019,7,19,0,NA,NA,NA,NA,NA
2019,7,19,3,NA,NA,NA,NA,NA
2019,7,19,6,NA,NA,NA,NA,NA
2019,7,19,9,NA,NA,NA,NA,NA
2019,7,19,12,NA,NA,NA,NA,NA
2019,7,19,15,NA,NA,NA,NA,NA
2019,7,19,18,NA,NA,NA,NA,NA
2019,7,19,21,NA,NA,NA,NA,NA
2019,7,20,0,NA,NA,NA,NA,NA
2019,7,20,3,NA,NA,NA,NA,NA
2019,7,20,6,NA,NA,NA,NA,NA
2019,7,20,9,NA,NA,NA,NA,NA
2019,7,20,12,NA,NA,NA,NA,NA
2019,7,20,15,NA,NA,NA,NA,NA
2019,7,20,18,NA,NA,NA,NA,NA
2019,7,20,21,NA,NA,NA,NA,NA
2019,7,21,0,NA,NA,NA,NA,NA
2019,7,21,3,NA,NA,NA,NA,NA
2019,7,21,6,NA,NA,NA,NA,NA
2019,7,21,9,NA,NA,NA,NA,NA
2019,7,21,12,NA,NA,NA,NA,NA
2019,7,21,15,NA,NA,NA,NA,NA
2019,7,21,18,NA,NA,NA,NA,NA
2019,7,21,21,NA,NA,NA,NA,NA
2019,7,22,0,NA,NA,NA,NA,NA
2019,7,22,3,NA,NA,NA,NA,NA
2019,7,22,6,NA,NA,NA,NA,NA
2019,7,22,9,NA,NA,NA,NA,NA
2019,7,22,12,NA,NA,NA,NA,NA
2019,7,22,15,NA,NA,NA,NA,NA
2019,7,22,18,NA,NA,NA,NA,NA
2019,7,22,21,NA,NA,NA,NA,NA
2019,7,23,0,NA,NA,NA,NA,NA
2019,7,23,3,NA,NA,NA,NA,NA
2019,7,23,6,NA,NA,NA,NA,NA
2019,7,23,9,NA,NA,NA,NA,NA
2019,7,23,12,NA,NA,NA,NA,NA
2019,7,23,15,NA,NA,NA,NA,NA
2019,7,23,18,NA,NA,NA,NA,NA
2019,7,23,21,NA,NA,NA,NA,NA
2019,7,24,0,NA,NA,NA,NA,NA
2019,7,24,3,NA,NA,NA,NA,NA
2019,7,24,6,NA,NA,NA,NA,NA
2019,7,24,9,NA,NA,NA,NA,NA
2019,7,24,12,NA,NA,NA,NA,NA
2019,7,24,15,NA,NA,NA,NA,NA
2019,7,24,18,NA,NA,NA,NA,NA
2019,7,24,21,NA,NA,NA,NA,NA
2019,7,25,0,NA,NA,NA,NA,NA
2019,7,25,3,NA,NA,NA,NA,NA
2019,7,25,6,NA,NA,NA,NA,NA
2019,7,25,9,NA,NA,NA,NA,NA
2019,7,25,12,NA,NA,NA,NA,NA
2019,7,25,15,NA,NA,NA,NA,NA
2019,7,25,18,NA,NA,NA,NA,NA
2019,7,25,21,NA,NA,NA,NA,NA
2019,7,26,0,NA,NA,NA,NA,NA
2019,7,26,3,NA,NA,NA,NA,NA
2019,7,26,6,NA,NA,NA,NA,NA
2019,7,26,9,NA,NA,NA,NA,NA
2019,7,26,12,NA,NA,NA,NA,NA
2019,7,26,15,NA,NA,NA,NA,NA
2019,7,26,18,NA,NA,NA,NA,NA
2019,7,26,21,NA,NA,NA,NA,NA
2019,7,27,0,NA,NA,NA,NA,NA
2019,7,27,3,NA,NA,NA,NA,NA
2019,7,27,6,NA,NA,NA,NA,NA
2019,7,27,9,NA,NA,NA,NA,NA
2019,7,27,12,NA,NA,NA,NA,NA
2019,7,27,15,NA,NA,NA,NA,NA
2019,7,27,18,NA,NA,NA,NA,NA
2019,7,27,21,NA,NA,NA,NA,NA
2019,7,28,0,NA,NA,NA,NA,NA
2019,7,28,3,NA,NA,NA,NA,NA
2019,7,28,6,NA,NA,NA,NA,NA
2019,7,28,9,NA,NA,NA,NA,NA
2019,7,28,12,NA,NA,NA,NA,NA
2019,7,28,15,NA,NA,NA,NA,NA
2019,7,28,18,NA,NA,NA,NA,NA
2019,7,28,21,NA,NA,NA,NA,NA
2019,7,29,0,NA,NA,NA,NA,NA
2019,7,29,3,NA,NA,NA,NA,NA
2019,7,29,6,NA,NA,NA,NA,NA
2019,7,29,9,NA,NA,NA,NA,NA
2019,7,29,12,NA,NA,NA,NA,NA
2019,7,29,15,NA,NA,NA,NA,NA
2019,7,29,18,NA,NA,NA,NA,NA
2019,7,29,21,NA,NA,NA,NA,NA
2019,7,30,0,NA,NA,NA,NA,NA
2019,7,30,3,NA,NA,NA,NA,NA
2019,7,30,6,NA,NA,NA,NA,NA
2019,7,30,9,NA,NA,NA,NA,NA
2019,7,30,12,NA,NA,NA,NA,NA
2019,7,30,15,NA,NA,NA,NA,NA
2019,7,30,18,NA,NA,NA,NA,NA
2019,7,30,21,NA,NA,NA,NA,NA
2019,7,31,0,NA,NA,NA,NA,NA
2019,7,31,3,NA,NA,NA,NA,NA
2019,7,31,6,NA,NA,NA,NA,NA
2019,7,31,9,NA,NA,NA,NA,NA
2019,7,31,12,NA,NA,NA,NA,NA
2019,7,31,15,NA,NA,NA,NA,NA
2019,7,31,18,NA,NA,NA,NA,NA
2019,7,31,21,NA,NA,NA,NA,NA
2019,8,1,0,NA,NA,NA,NA,NA
2019,8,1,3,NA,NA,NA,NA,NA
2019,8,1,6,NA,NA,NA,NA,NA
2019,8,1,9,NA,NA,NA,NA,NA
2019,8,1,12,NA,NA,NA,NA,NA
2019,8,1,15,NA,NA,NA,NA,NA
2019,8,1,18,NA,NA,NA,NA,NA
2019,8,1,21,NA,NA,NA,NA,NA
2019,8,2,0,NA,NA,NA,NA,NA
2019,8,2,3,NA,NA,NA,NA,NA
2019,8,2,6,NA,NA,NA,NA,NA
2019,8,2,9,NA,NA,NA,NA,NA
2019,8,2,12,NA,NA,NA,NA,NA
2019,8,2,15,NA,NA,NA,NA,NA
2019,8,2,18,NA,NA,NA,NA,NA
2019,8,2,21,NA,NA,NA,NA,NA
2019,8,3,0,NA,NA,NA,NA,NA
2019,8,3,3,NA,NA,NA,NA,NA
2019,8,3,6,NA,NA,NA,NA,NA
2019,8,3,9,NA,NA,NA,NA,NA
2019,8,3,12,NA,NA,NA,NA,NA
2019,8,3,15,NA,NA,NA,NA,NA
2019,8,3,18,NA,NA,NA,NA,NA
2019,8,3,21,NA,NA,NA,NA,NA
2019,8,4,0,NA,NA,NA,NA,NA
2019,8,4,3,NA,NA,NA,NA,NA
2019,8,4,6,NA,NA,NA,NA,NA
2019,8,4,9,NA,NA,NA,NA,NA
2019,8,4,12,NA,NA,NA,NA,NA
2019,8,4,15,NA,NA,NA,NA,NA
2019,8,4,18,NA,NA,NA,NA,NA
2019,8,4,21,NA,NA,NA,NA,NA
2019,8,5,0,NA,NA,NA,NA,NA
2019,8,5,3,NA,NA,NA,NA,NA
2019,8,5,6,NA,NA,NA,NA,NA
2019,8,5,9,NA,NA,NA,NA,NA
2019,8,5,12,NA,NA,NA,NA,NA
2019,8,5,15,NA,NA,NA,NA,NA
2019,8,5,18,NA,NA,NA,NA,NA
2019,8,5,21,NA,NA,NA,NA,NA
2019,8,6,0,NA,NA,NA,NA,NA
2019,8,6,3,NA,NA,NA,NA,NA
2019,8,6,6,NA,NA,NA,NA,NA
2019,8,6,9,NA,NA,NA,NA,NA
2019,8,6,12,NA,NA,NA,NA,NA
2019,8,6,15,NA,NA,NA,NA,NA
2019,8,6,18,NA,NA,NA,NA,NA
2019,8,6,21,NA,NA,NA,NA,NA
2019,8,7,0,NA,NA,NA,NA,NA
2019,8,7,3,NA,NA,NA,NA,NA
2019,8,7,6,NA,NA,NA,NA,NA
2019,8,7,9,NA,NA,NA,NA,NA
2019,8,7,12,NA,NA,NA,NA,NA
2019,8,7,15,NA,NA,NA,NA,NA
2019,8,7,18,NA,NA,NA,NA,NA
2019,8,7,21,NA,NA,NA,NA,NA
2019,8,8,0,NA,NA,NA,NA,NA
2019,8,8,3,NA,NA,NA,NA,NA
2019,8,8,6,NA,NA,NA,NA,NA
2019,8,8,9,NA,NA,NA,NA,NA
2019,8,8,12,NA,NA,NA,NA,NA
2019,8,8,15,NA,NA,NA,NA,NA
2019,8,8,18,NA,NA,NA,NA,NA
2019,8,8,21,NA,NA,NA,NA,NA
2019,8,9,0,NA,NA,NA,NA,NA
2019,8,9,3,NA,NA,NA,NA,NA
2019,8,9,6,NA,NA,NA,NA,NA
2019,8,9,9,NA,NA,NA,NA,NA
2019,8,9,12,NA,NA,NA,NA,NA
2019,8,9,15,NA,NA,NA,NA,NA
2019,8,9,18,NA,NA,NA,NA,NA
2019,8,9,21,NA,NA,NA,NA,NA
2019,8,10,0,NA,NA,NA,NA,NA
2019,8,10,3,NA,NA,NA,NA,NA
2019,8,10,6,NA,NA,NA,NA,NA
2019,8,10,9,NA,NA,NA,NA,NA
2019,8,10,12,NA,NA,NA,NA,NA
2019,8,10,15,NA,NA,NA,NA,NA
2019,8,10,18,NA,NA,NA,NA,NA
2019,8,10,21,NA,NA,NA,NA,NA
2019,8,11,0,NA,NA,NA,NA,NA
2019,8,11,3,NA,NA,NA,NA,NA
2019,8,11,6,NA,NA,NA,NA,NA
2019,8,11,9,NA,NA,NA,NA,NA
2019,8,11,12,NA,NA,NA,NA,NA
2019,8,11,15,NA,NA,NA,NA,NA
2019,8,11,18,NA,NA,NA,NA,NA
2019,8,11,21,NA,NA,NA,NA,NA
2019,8,12,0,NA,NA,NA,NA,NA
2019,8,12,3,NA,NA,NA,NA,NA
2019,8,12,6,NA,NA,NA,NA,NA
2019,8,12,9,NA,NA,NA,NA,NA
2019,8,12,12,NA,NA,NA,NA,NA
2019,8,12,15,NA,NA,NA,NA,NA
2019,8,12,18,NA,NA,NA,NA,NA
2019,8,12,21,NA,NA,NA,NA,NA
2019,8,13,0,NA,NA,NA,NA,NA
2019,8,13,3,NA,NA,NA,NA,NA
2019,8,13,6,NA,NA,NA,NA,NA
2019,8,13,9,NA,NA,NA,NA,NA
2019,8,13,12,NA,NA,NA,NA,NA
2019,8,13,15,NA,NA,NA,NA,NA
2019,8,13,18,NA,NA,NA,NA,NA
2019,8,13,21,NA,NA,NA,NA,NA
2019,8,14,0,NA,NA,NA,NA,NA
2019,8,14,3,NA,NA,NA,NA,NA
2019,8,14,6,NA,NA,NA,NA,NA
2019,8,14,9,NA,NA,NA,NA,NA
2019,8,14,12,NA,NA,NA,NA,NA
2019,8,14,15,NA,NA,NA,NA,NA
2019,8,14,18,NA,NA,NA,NA,NA
2019,8,14,21,NA,NA,NA,NA,NA
2019,8,15,0,NA,NA,NA,NA,NA
2019,8,15,3,NA,NA,NA,NA,NA
2019,8,15,6,NA,NA,NA,NA,NA
2019,8,15,9,NA,NA,NA,NA,NA
2019,8,15,12,NA,NA,NA,NA,NA
2019,8,15,15,NA,NA,NA,NA,NA
2019,8,15,18,NA,NA,NA,NA,NA
2019,8,15,21,NA,NA,NA,NA,NA
2019,8,16,0,NA,NA,NA,NA,NA
2019,8,16,3,NA,NA,NA,NA,NA
2019,8,16,6,NA,NA,NA,NA,NA
2019,8,16,9,NA,NA,NA,NA,NA
2019,8,16,12,NA,NA,NA,NA,NA
2019,8,16,15,NA,NA,NA,NA,NA
2019,8,16,18,NA,NA,NA,NA,NA
2019,8,16,21,NA,NA,NA,NA,NA
2019,8,17,0,NA,NA,NA,NA,NA
2019,8,17,3,NA,NA,NA,NA,NA
2019,8,17,6,NA,NA,NA,NA,NA
2019,8,17,9,NA,NA,NA,NA,NA
2019,8,17,12,NA,NA,NA,NA,NA
2019,8,17,15,NA,NA,NA,NA,NA
2019,8,17,18,NA,NA,NA,NA,NA
2019,8,17,21,NA,NA,NA,NA,NA
2019,8,18,0,NA,NA,NA,NA,NA
2019,8,18,3,NA,NA,NA,NA,NA
2019,8,18,6,NA,NA,NA,NA,NA
2019,8,18,9,NA,NA,NA,NA,NA
2019,8,18,12,NA,NA,NA,NA,NA
2019,8,18,15,NA,NA,NA,NA,NA
2019,8,18,18,NA,NA,NA,NA,NA
2019,8,18,21,NA,NA,NA,NA,NA
2019,8,19,0,NA,NA,NA,NA,NA
2019,8,19,3,NA,NA,NA,NA,NA
2019,8,19,6,NA,NA,NA,NA,NA
2019,8,19,9,NA,NA,NA,NA,NA
2019,8,19,12,NA,NA,NA,NA,NA
2019,8,19,15,NA,NA,NA,NA,NA
2019,8,19,18,NA,NA,NA,NA,NA
2019,8,19,21,NA,NA,NA,NA,NA
2019,8,20,0,NA,NA,NA,NA,NA
2019,8,20,3,NA,NA,NA,NA,NA
2019,8,20,6,NA,NA,NA,NA,NA
2019,8,20,9,NA,NA,NA,NA,NA
2019,8,20,12,NA,NA,NA,NA,NA
2019,8,20,15,NA,NA,NA,NA,NA
2019,8,20,18,NA,NA,NA,NA,NA
2019,8,20,21,NA,NA,NA,NA,NA
2019,8,21,0,NA,NA,NA,NA,NA
2019,8,21,3,NA,NA,NA,NA,NA
2019,8,21,6,NA,NA,NA,NA,NA
2019,8,21,9,NA,NA,NA,NA,NA
2019,8,21,12,NA,NA,NA,NA,NA
2019,8,21,15,NA,NA,NA,NA,NA
2019,8,21,18,NA,NA,NA,NA,NA
2019,8,21,21,NA,NA,NA,NA,NA
2019,8,22,0,NA,NA,NA,NA,NA
2019,8,22,3,NA,NA,NA,NA,NA
2019,8,22,6,NA,NA,NA,NA,NA
2019,8,22,9,NA,NA,NA,NA,NA
2019,8,22,12,NA,NA,NA,NA,NA
2019,8,22,15,NA,NA,NA,NA,NA
2019,8,22,18,NA,NA,NA,NA,NA
2019,8,22,21,NA,NA,NA,NA,NA
2019,8,23,0,NA,NA,NA,NA,NA
2019,8,23,3,NA,NA,NA,NA,NA
2019,8,23,6,NA,NA,NA,NA,NA
2019,8,23,9,NA,NA,NA,NA,NA
2019,8,23,12,NA,NA,NA,NA,NA
2019,8,23,15,NA,NA,NA,NA,NA
2019,8,23,18,NA,NA,NA,NA,NA
2019,8,23,21,NA,NA,NA,NA,NA
2019,8,24,0,NA,NA,NA,NA,NA
2019,8,24,3,NA,NA,NA,NA,NA
2019,8,24,6,NA,NA,NA,NA,NA
2019,8,24,9,NA,NA,NA,NA,NA
2019,8,24,12,NA,NA,NA,NA,NA
2019,8,24,15,NA,NA,NA,NA,NA
2019,8,24,18,NA,NA,NA,NA,NA
2019,8,24,21,NA,NA,NA,NA,NA
2019,8,25,0,NA,NA,NA,NA,NA
2019,8,25,3,NA,NA,NA,NA,NA
2019,8,25,6,NA,NA,NA,NA,NA
2019,8,25,9,NA,NA,NA,NA,NA
2019,8,25,12,NA,NA,NA,NA,NA
2019,8,25,15,NA,NA,NA,NA,NA
2019,8,25,18,NA,NA,NA,NA,NA
2019,8,25,21,NA,NA,NA,NA,NA
2019,8,26,0,NA,NA,NA,NA,NA
2019,8,26,3,NA,NA,NA,NA,NA
2019,8,26,6,NA,NA,NA,NA,NA
2019,8,26,9,NA,NA,NA,NA,NA
2019,8,26,12,NA,NA,NA,NA,NA
2019,8,26,15,NA,NA,NA,NA,NA
2019,8,26,18,NA,NA,NA,NA,NA
2019,8,26,21,NA,NA,NA,NA,NA
2019,8,27,0,NA,NA,NA,NA,NA
2019,8,27,3,NA,NA,NA,NA,NA
2019,8,27,6,NA,NA,NA,NA,NA
2019,8,27,9,NA,NA,NA,NA,NA
2019,8,27,12,NA,NA,NA,NA,NA
2019,8,27,15,NA,NA,NA,NA,NA
2019,8,27,18,NA,NA,NA,NA,NA
2019,8,27,21,NA,NA,NA,NA,NA
2019,8,28,0,NA,NA,NA,NA,NA
2019,8,28,3,NA,NA,NA,NA,NA
2019,8,28,6,NA,NA,NA,NA,NA
2019,8,28,9,NA,NA,NA,NA,NA
2019,8,28,12,NA,NA,NA,NA,NA
2019,8,28,15,NA,NA,NA,NA,NA
2019,8,28,18,NA,NA,NA,NA,NA
2019,8,28,21,NA,NA,NA,NA,NA
2019,8,29,0,NA,NA,NA,NA,NA
2019,8,29,3,NA,NA,NA,NA,NA
2019,8,29,6,NA,NA,NA,NA,NA
2019,8,29,9,NA,NA,NA,NA,NA
2019,8,29,12,NA,NA,NA,NA,NA
2019,8,29,15,NA,NA,NA,NA,NA
2019,8,29,18,NA,NA,NA,NA,NA
2019,8,29,21,NA,NA,NA,NA,NA
2019,8,30,0,NA,NA,NA,NA,NA
2019,8,30,3,NA,NA,NA,NA,NA
2019,8,30,6,NA,NA,NA,NA,NA
2019,8,30,9,NA,NA,NA,NA,NA
2019,8,30,12,NA,NA,NA,NA,NA
2019,8,30,15,NA,NA,NA,NA,NA
2019,8,30,18,NA,NA,NA,NA,NA
2019,8,30,21,NA,NA,NA,NA,NA
2019,8,31,0,NA,NA,NA,NA,NA
2019,8,31,3,NA,NA,NA,NA,NA
2019,8,31,6,NA,NA,NA,NA,NA
2019,8,31,9,NA,NA,NA,NA,NA
2019,8,31,12,NA,NA,NA,NA,NA
2019,8,31,15,NA,NA,NA,NA,NA
2019,8,31,18,NA,NA,NA,NA,NA
2019,8,31,21,NA,NA,NA,NA,NA
2019,9,1,0,NA,NA,NA,NA,NA
2019,9,1,3,NA,NA,NA,NA,NA
2019,9,1,6,NA,NA,NA,NA,NA
2019,9,1,9,NA,NA,NA,NA,NA
2019,9,1,12,NA,NA,NA,NA,NA
2019,9,1,15,NA,NA,NA,NA,NA
2019,9,1,18,NA,NA,NA,NA,NA
2019,9,1,21,NA,NA,NA,NA,NA
2019,9,2,0,NA,NA,NA,NA,NA
2019,9,2,3,NA,NA,NA,NA,NA
2019,9,2,6,NA,NA,NA,NA,NA
2019,9,2,9,NA,NA,NA,NA,NA
2019,9,2,12,NA,NA,NA,NA,NA
2019,9,2,15,NA,NA,NA,NA,NA
2019,9,2,18,NA,NA,NA,NA,NA
2019,9,2,21,NA,NA,NA,NA,NA
2019,9,3,0,NA,NA,NA,NA,NA
2019,9,3,3,NA,NA,NA,NA,NA
2019,9,3,6,NA,NA,NA,NA,NA
2019,9,3,9,NA,NA,NA,NA,NA
2019,9,3,12,NA,NA,NA,NA,NA
2019,9,3,15,NA,NA,NA,NA,NA
2019,9,3,18,NA,NA,NA,NA,NA
2019,9,3,21,NA,NA,NA,NA,NA
2019,9,4,0,NA,NA,NA,NA,NA
2019,9,4,3,NA,NA,NA,NA,NA
2019,9,4,6,NA,NA,NA,NA,NA
2019,9,4,9,NA,NA,NA,NA,NA
2019,9,4,12,NA,NA,NA,NA,NA
2019,9,4,15,NA,NA,NA,NA,NA
2019,9,4,18,NA,NA,NA,NA,NA
2019,9,4,21,NA,NA,NA,NA,NA
2019,9,5,0,NA,NA,NA,NA,NA
2019,9,5,3,NA,NA,NA,NA,NA
2019,9,5,6,NA,NA,NA,NA,NA
2019,9,5,9,NA,NA,NA,NA,NA
2019,9,5,12,NA,NA,NA,NA,NA
2019,9,5,15,NA,NA,NA,NA,NA
2019,9,5,18,NA,NA,NA,NA,NA
2019,9,5,21,NA,NA,NA,NA,NA
2019,9,6,0,NA,NA,NA,NA,NA
2019,9,6,3,NA,NA,NA,NA,NA
2019,9,6,6,NA,NA,NA,NA,NA
2019,9,6,9,NA,NA,NA,NA,NA
2019,9,6,12,NA,NA,NA,NA,NA
2019,9,6,15,NA,NA,NA,NA,NA
2019,9,6,18,NA,NA,NA,NA,NA
2019,9,6,21,NA,NA,NA,NA,NA
2019,9,7,0,NA,NA,NA,NA,NA
2019,9,7,3,NA,NA,NA,NA,NA
2019,9,7,6,NA,NA,NA,NA,NA
2019,9,7,9,NA,NA,NA,NA,NA
2019,9,7,12,NA,NA,NA,NA,NA
2019,9,7,15,NA,NA,NA,NA,NA
2019,9,7,18,NA,NA,NA,NA,NA
2019,9,7,21,NA,NA,NA,NA,NA
2019,9,8,0,NA,NA,NA,NA,NA
2019,9,8,3,NA,NA,NA,NA,NA
2019,9,8,6,NA,NA,NA,NA,NA
2019,9,8,9,NA,NA,NA,NA,NA
2019,9,8,12,NA,NA,NA,NA,NA
2019,9,8,15,NA,NA,NA,NA,NA
2019,9,8,18,NA,NA,NA,NA,NA
2019,9,8,21,NA,NA,NA,NA,NA
2019,9,9,0,NA,NA,NA,NA,NA
2019,9,9,3,NA,NA,NA,NA,NA
2019,9,9,6,NA,NA,NA,NA,NA
2019,9,9,9,NA,NA,NA,NA,NA
2019,9,9,12,NA,NA,NA,NA,NA
2019,9,9,15,NA,NA,NA,NA,NA
2019,9,9,18,NA,NA,NA,NA,NA
2019,9,9,21,NA,NA,NA,NA,NA
2019,9,10,0,NA,NA,NA,NA,NA
2019,9,10,3,NA,NA,NA,NA,NA
2019,9,10,6,NA,NA,NA,NA,NA
2019,9,10,9,NA,NA,NA,NA,NA
2019,9,10,12,NA,NA,NA,NA,NA
2019,9,10,15,NA,NA,NA,NA,NA
2019,9,10,18,NA,NA,NA,NA,NA
2019,9,10,21,NA,NA,NA,NA,NA
2019,9,11,0,NA,NA,NA,NA,NA
2019,9,11,3,NA,NA,NA,NA,NA
2019,9,11,6,NA,NA,NA,NA,NA
2019,9,11,9,NA,NA,NA,NA,NA
2019,9,11,12,NA,NA,NA,NA,NA
2019,9,11,15,NA,NA,NA,NA,NA
2019,9,11,18,NA,NA,NA,NA,NA
2019,9,11,21,NA,NA,NA,NA,NA
2019,9,12,0,NA,NA,NA,NA,NA
2019,9,12,3,NA,NA,NA,NA,NA
2019,9,12,6,NA,NA,NA,NA,NA
2019,9,12,9,NA,NA,NA,NA,NA
2019,9,12,12,NA,NA,NA,NA,NA
2019,9,12,15,NA,NA,NA,NA,NA
2019,9,12,18,NA,NA,NA,NA,NA
2019,9,12,21,NA,NA,NA,NA,NA
2019,9,13,0,NA,NA,NA,NA,NA
2019,9,13,3,NA,NA,NA,NA,NA
2019,9,13,6,NA,NA,NA,NA,NA
2019,9,13,9,NA,NA,NA,NA,NA
2019,9,13,12,NA,NA,NA,NA,NA
2019,9,13,15,NA,NA,NA,NA,NA
2019,9,13,18,NA,NA,NA,NA,NA
2019,9,13,21,NA,NA,NA,NA,NA
2019,9,14,0,NA,NA,NA,NA,NA
2019,9,14,3,NA,NA,NA,NA,NA
2019,9,14,6,NA,NA,NA,NA,NA
2019,9,14,9,NA,NA,NA,NA,NA
2019,9,14,12,NA,NA,NA,NA,NA
2019,9,14,15,NA,NA,NA,NA,NA
2019,9,14,18,NA,NA,NA,NA,NA
2019,9,14,21,NA,NA,NA,NA,NA
2019,9,15,0,NA,NA,NA,NA,NA
2019,9,15,3,NA,NA,NA,NA,NA
2019,9,15,6,NA,NA,NA,NA,NA
2019,9,15,9,NA,NA,NA,NA,NA
2019,9,15,12,NA,NA,NA,NA,NA
2019,9,15,15,NA,NA,NA,NA,NA
2019,9,15,18,NA,NA,NA,NA,NA
2019,9,15,21,NA,NA,NA,NA,NA
2019,9,16,0,NA,NA,NA,NA,NA
2019,9,16,3,NA,NA,NA,NA,NA
2019,9,16,6,NA,NA,NA,NA,NA
2019,9,16,9,NA,NA,NA,NA,NA
2019,9,16,12,NA,NA,NA,NA,NA
2019,9,16,15,NA,NA,NA,NA,NA
2019,9,16,18,NA,NA,NA,NA,NA
2019,9,16,21,NA,NA,NA,NA,NA
2019,9,17,0,NA,NA,NA,NA,NA
2019,9,17,3,NA,NA,NA,NA,NA
2019,9,17,6,NA,NA,NA,NA,NA
2019,9,17,9,NA,NA,NA,NA,NA
2019,9,17,12,NA,NA,NA,NA,NA
2019,9,17,15,NA,NA,NA,NA,NA
2019,9,17,18,NA,NA,NA,NA,NA
2019,9,17,21,NA,NA,NA,NA,NA
2019,9,18,0,NA,NA,NA,NA,NA
2019,9,18,3,NA,NA,NA,NA,NA
2019,9,18,6,NA,NA,NA,NA,NA
2019,9,18,9,NA,NA,NA,NA,NA
2019,9,18,12,NA,NA,NA,NA,NA
2019,9,18,15,NA,NA,NA,NA,NA
2019,9,18,18,NA,NA,NA,NA,NA
2019,9,18,21,NA,NA,NA,NA,NA
2019,9,19,0,NA,NA,NA,NA,NA
2019,9,19,3,NA,NA,NA,NA,NA
2019,9,19,6,NA,NA,NA,NA,NA
2019,9,19,9,NA,NA,NA,NA,NA
2019,9,19,12,NA,NA,NA,NA,NA
2019,9,19,15,NA,NA,NA,NA,NA
2019,9,19,18,NA,NA,NA,NA,NA
2019,9,19,21,NA,NA,NA,NA,NA
2019,9,20,0,NA,NA,NA,NA,NA
2019,9,20,3,NA,NA,NA,NA,NA
2019,9,20,6,NA,NA,NA,NA,NA
2019,9,20,9,NA,NA,NA,NA,NA
2019,9,20,12,NA,NA,NA,NA,NA
2019,9,20,15,NA,NA,NA,NA,NA
2019,9,20,18,NA,NA,NA,NA,NA
2019,9,20,21,NA,NA,NA,NA,NA
2019,9,21,0,NA,NA,NA,NA,NA
2019,9,21,3,NA,NA,NA,NA,NA
2019,9,21,6,NA,NA,NA,NA,NA
2019,9,21,9,NA,NA,NA,NA,NA
2019,9,21,12,NA,NA,NA,NA,NA
2019,9,21,15,NA,NA,NA,NA,NA
2019,9,21,18,NA,NA,NA,NA,NA
2019,9,21,21,NA,NA,NA,NA,NA
2019,9,22,0,NA,NA,NA,NA,NA
2019,9,22,3,NA,NA,NA,NA,NA
2019,9,22,6,NA,NA,NA,NA,NA
2019,9,22,9,NA,NA,NA,NA,NA
2019,9,22,12,NA,NA,NA,NA,NA
2019,9,22,15,NA,NA,NA,NA,NA
2019,9,22,18,NA,NA,NA,NA,NA
2019,9,22,21,NA,NA,NA,NA,NA
2019,9,23,0,NA,NA,NA,NA,NA
2019,9,23,3,NA,NA,NA,NA,NA
2019,9,23,6,NA,NA,NA,NA,NA
2019,9,23,9,NA,NA,NA,NA,NA
2019,9,23,12,NA,NA,NA,NA,NA
2019,9,23,15,NA,NA,NA,NA,NA
2019,9,23,18,NA,NA,NA,NA,NA
2019,9,23,21,NA,NA,NA,NA,NA
2019,9,24,0,NA,NA,NA,NA,NA
2019,9,24,3,NA,NA,NA,NA,NA
2019,9,24,6,NA,NA,NA,NA,NA
2019,9,24,9,NA,NA,NA,NA,NA
2019,9,24,12,NA,NA,NA,NA,NA
2019,9,24,15,NA,NA,NA,NA,NA
2019,9,24,18,NA,NA,NA,NA,NA
2019,9,24,21,NA,NA,NA,NA,NA
2019,9,25,0,NA,NA,NA,NA,NA
2019,9,25,3,NA,NA,NA,NA,NA
2019,9,25,6,NA,NA,NA,NA,NA
2019,9,25,9,NA,NA,NA,NA,NA
2019,9,25,12,NA,NA,NA,NA,NA
2019,9,25,15,NA,NA,NA,NA,NA
2019,9,25,18,NA,NA,NA,NA,NA
2019,9,25,21,NA,NA,NA,NA,NA
2019,9,26,0,NA,NA,NA,NA,NA
2019,9,26,3,NA,NA,NA,NA,NA
2019,9,26,6,NA,NA,NA,NA,NA
2019,9,26,9,NA,NA,NA,NA,NA
2019,9,26,12,NA,NA,NA,NA,NA
2019,9,26,15,NA,NA,NA,NA,NA
2019,9,26,18,NA,NA,NA,NA,NA
2019,9,26,21,NA,NA,NA,NA,NA
2019,9,27,0,NA,NA,NA,NA,NA
2019,9,27,3,NA,NA,NA,NA,NA
2019,9,27,6,NA,NA,NA,NA,NA
2019,9,27,9,NA,NA,NA,NA,NA
2019,9,27,12,NA,NA,NA,NA,NA
2019,9,27,15,NA,NA,NA,NA,NA
2019,9,27,18,NA,NA,NA,NA,NA
2019,9,27,21,NA,NA,NA,NA,NA
2019,9,28,0,NA,NA,NA,NA,NA
2019,9,28,3,NA,NA,NA,NA,NA
2019,9,28,6,NA,NA,NA,NA,NA
2019,9,28,9,NA,NA,NA,NA,NA
2019,9,28,12,NA,NA,NA,NA,NA
2019,9,28,15,NA,NA,NA,NA,NA
2019,9,28,18,NA,NA,NA,NA,NA
2019,9,28,21,NA,NA,NA,NA,NA
2019,9,29,0,NA,NA,NA,NA,NA
2019,9,29,3,NA,NA,NA,NA,NA
2019,9,29,6,NA,NA,NA,NA,NA
2019,9,29,9,NA,NA,NA,NA,NA
2019,9,29,12,NA,NA,NA,NA,NA
2019,9,29,15,NA,NA,NA,NA,NA
2019,9,29,18,NA,NA,NA,NA,NA
2019,9,29,21,NA,NA,NA,NA,NA
2019,9,30,0,NA,NA,NA,NA,NA
2019,9,30,3,NA,NA,NA,NA,NA
2019,9,30,6,NA,NA,NA,NA,NA
2019,9,30,9,NA,NA,NA,NA,NA
2019,9,30,12,NA,NA,NA,NA,NA
2019,9,30,15,NA,NA,NA,NA,NA
2019,9,30,18,NA,NA,NA,NA,NA
2019,9,30,21,NA,NA,NA,NA,NA
2019,10,1,0,NA,NA,NA,NA,NA
2019,10,1,3,NA,NA,NA,NA,NA
2019,10,1,6,NA,NA,NA,NA,NA
2019,10,1,9,NA,NA,NA,NA,NA
2019,10,1,12,NA,NA,NA,NA,NA
2019,10,1,15,NA,NA,NA,NA,NA
2019,10,1,18,NA,NA,NA,NA,NA
2019,10,1,21,NA,NA,NA,NA,NA
2019,10,2,0,NA,NA,NA,NA,NA
2019,10,2,3,NA,NA,NA,NA,NA
2019,10,2,6,NA,NA,NA,NA,NA
2019,10,2,9,NA,NA,NA,NA,NA
2019,10,2,12,NA,NA,NA,NA,NA
2019,10,2,15,NA,NA,NA,NA,NA
2019,10,2,18,NA,NA,NA,NA,NA
2019,10,2,21,NA,NA,NA,NA,NA
2019,10,3,0,NA,NA,NA,NA,NA
2019,10,3,3,NA,NA,NA,NA,NA
2019,10,3,6,NA,NA,NA,NA,NA
2019,10,3,9,NA,NA,NA,NA,NA
2019,10,3,12,NA,NA,NA,NA,NA
2019,10,3,15,NA,NA,NA,NA,NA
2019,10,3,18,NA,NA,NA,NA,NA
2019,10,3,21,NA,NA,NA,NA,NA
2019,10,4,0,NA,NA,NA,NA,NA
2019,10,4,3,NA,NA,NA,NA,NA
2019,10,4,6,NA,NA,NA,NA,NA
2019,10,4,9,NA,NA,NA,NA,NA
2019,10,4,12,NA,NA,NA,NA,NA
2019,10,4,15,NA,NA,NA,NA,NA
2019,10,4,18,NA,NA,NA,NA,NA
2019,10,4,21,NA,NA,NA,NA,NA
2019,10,5,0,NA,NA,NA,NA,NA
2019,10,5,3,NA,NA,NA,NA,NA
2019,10,5,6,NA,NA,NA,NA,NA
2019,10,5,9,NA,NA,NA,NA,NA
2019,10,5,12,NA,NA,NA,NA,NA
2019,10,5,15,NA,NA,NA,NA,NA
2019,10,5,18,NA,NA,NA,NA,NA
2019,10,5,21,NA,NA,NA,NA,NA
2019,10,6,0,NA,NA,NA,NA,NA
2019,10,6,3,NA,NA,NA,NA,NA
2019,10,6,6,NA,NA,NA,NA,NA
2019,10,6,9,NA,NA,NA,NA,NA
2019,10,6,12,NA,NA,NA,NA,NA
2019,10,6,15,NA,NA,NA,NA,NA
2019,10,6,18,NA,NA,NA,NA,NA
2019,10,6,21,NA,NA,NA,NA,NA
2019,10,7,0,NA,NA,NA,NA,NA
2019,10,7,3,NA,NA,NA,NA,NA
2019,10,7,6,NA,NA,NA,NA,NA
2019,10,7,9,NA,NA,NA,NA,NA
2019,10,7,12,NA,NA,NA,NA,NA
2019,10,7,15,NA,NA,NA,NA,NA
2019,10,7,18,NA,NA,NA,NA,NA
2019,10,7,21,NA,NA,NA,NA,NA
2019,10,8,0,NA,NA,NA,NA,NA
2019,10,8,3,NA,NA,NA,NA,NA
2019,10,8,6,NA,NA,NA,NA,NA
2019,10,8,9,NA,NA,NA,NA,NA
2019,10,8,12,NA,NA,NA,NA,NA
2019,10,8,15,NA,NA,NA,NA,NA
2019,10,8,18,NA,NA,NA,NA,NA
2019,10,8,21,NA,NA,NA,NA,NA
2019,10,9,0,NA,NA,NA,NA,NA
2019,10,9,3,NA,NA,NA,NA,NA
2019,10,9,6,NA,NA,NA,NA,NA
2019,10,9,9,NA,NA,NA,NA,NA
2019,10,9,12,NA,NA,NA,NA,NA
2019,10,9,15,NA,NA,NA,NA,NA
2019,10,9,18,NA,NA,NA,NA,NA
2019,10,9,21,NA,NA,NA,NA,NA
2019,10,10,0,NA,NA,NA,NA,NA
2019,10,10,3,NA,NA,NA,NA,NA
2019,10,10,6,NA,NA,NA,NA,NA
2019,10,10,9,NA,NA,NA,NA,NA
2019,10,10,12,NA,NA,NA,NA,NA
2019,10,10,15,NA,NA,NA,NA,NA
2019,10,10,18,NA,NA,NA,NA,NA
2019,10,10,21,NA,NA,NA,NA,NA
2019,10,11,0,NA,NA,NA,NA,NA
2019,10,11,3,NA,NA,NA,NA,NA
2019,10,11,6,NA,NA,NA,NA,NA
2019,10,11,9,NA,NA,NA,NA,NA
2019,10,11,12,NA,NA,NA,NA,NA
2019,10,11,15,NA,NA,NA,NA,NA
2019,10,11,18,NA,NA,NA,NA,NA
2019,10,11,21,NA,NA,NA,NA,NA
2019,10,12,0,NA,NA,NA,NA,NA
2019,10,12,3,NA,NA,NA,NA,NA
2019,10,12,6,NA,NA,NA,NA,NA
2019,10,12,9,NA,NA,NA,NA,NA
2019,10,12,12,NA,NA,NA,NA,NA
2019,10,12,15,NA,NA,NA,NA,NA
2019,10,12,18,NA,NA,NA,NA,NA
2019,10,12,21,NA,NA,NA,NA,NA
2019,10,13,0,NA,NA,NA,NA,NA
2019,10,13,3,NA,NA,NA,NA,NA
2019,10,13,6,NA,NA,NA,NA,NA
2019,10,13,9,NA,NA,NA,NA,NA
2019,10,13,12,NA,NA,NA,NA,NA
2019,10,13,15,NA,NA,NA,NA,NA
2019,10,13,18,NA,NA,NA,NA,NA
2019,10,13,21,NA,NA,NA,NA,NA
2019,10,14,0,NA,NA,NA,NA,NA
2019,10,14,3,NA,NA,NA,NA,NA
2019,10,14,6,NA,NA,NA,NA,NA
2019,10,14,9,NA,NA,NA,NA,NA
2019,10,14,12,NA,NA,NA,NA,NA
2019,10,14,15,NA,NA,NA,NA,NA
2019,10,14,18,NA,NA,NA,NA,NA
2019,10,14,21,NA,NA,NA,NA,NA
2019,10,15,0,NA,NA,NA,NA,NA
2019,10,15,3,NA,NA,NA,NA,NA
2019,10,15,6,NA,NA,NA,NA,NA
2019,10,15,9,NA,NA,NA,NA,NA
2019,10,15,12,NA,NA,NA,NA,NA
2019,10,15,15,NA,NA,NA,NA,NA
2019,10,15,18,NA,NA,NA,NA,NA
2019,10,15,21,NA,NA,NA,NA,NA
2019,10,16,0,NA,NA,NA,NA,NA
2019,10,16,3,NA,NA,NA,NA,NA
2019,10,16,6,NA,NA,NA,NA,NA
2019,10,16,9,NA,NA,NA,NA,NA
2019,10,16,12,NA,NA,NA,NA,NA
2019,10,16,15,NA,NA,NA,NA,NA
2019,10,16,18,NA,NA,NA,NA,NA
2019,10,16,21,NA,NA,NA,NA,NA
2019,10,17,0,NA,NA,NA,NA,NA
2019,10,17,3,NA,NA,NA,NA,NA
2019,10,17,6,NA,NA,NA,NA,NA
2019,10,17,9,NA,NA,NA,NA,NA
2019,10,17,12,NA,NA,NA,NA,NA
2019,10,17,15,NA,NA,NA,NA,NA
2019,10,17,18,NA,NA,NA,NA,NA
2019,10,17,21,NA,NA,NA,NA,NA
2019,10,18,0,NA,NA,NA,NA,NA
2019,10,18,3,NA,NA,NA,NA,NA
2019,10,18,6,NA,NA,NA,NA,NA
2019,10,18,9,NA,NA,NA,NA,NA
2019,10,18,12,NA,NA,NA,NA,NA
2019,10,18,15,NA,NA,NA,NA,NA
2019,10,18,18,NA,NA,NA,NA,NA
2019,10,18,21,NA,NA,NA,NA,NA
2019,10,19,0,NA,NA,NA,NA,NA
2019,10,19,3,NA,NA,NA,NA,NA
2019,10,19,6,NA,NA,NA,NA,NA
2019,10,19,9,NA,NA,NA,NA,NA
2019,10,19,12,NA,NA,NA,NA,NA
2019,10,19,15,NA,NA,NA,NA,NA
2019,10,19,18,NA,NA,NA,NA,NA
2019,10,19,21,NA,NA,NA,NA,NA
2019,10,20,0,NA,NA,NA,NA,NA
2019,10,20,3,NA,NA,NA,NA,NA
2019,10,20,6,NA,NA,NA,NA,NA
2019,10,20,9,NA,NA,NA,NA,NA
2019,10,20,12,NA,NA,NA,NA,NA
2019,10,20,15,NA,NA,NA,NA,NA
2019,10,20,18,NA,NA,NA,NA,NA
2019,10,20,21,NA,NA,NA,NA,NA
2019,10,21,0,NA,NA,NA,NA,NA
2019,10,21,3,NA,NA,NA,NA,NA
2019,10,21,6,NA,NA,NA,NA,NA
2019,10,21,9,NA,NA,NA,NA,NA
2019,10,21,12,NA,NA,NA,NA,NA
2019,10,21,15,NA,NA,NA,NA,NA
2019,10,21,18,NA,NA,NA,NA,NA
2019,10,21,21,NA,NA,NA,NA,NA
2019,10,22,0,NA,NA,NA,NA,NA
2019,10,22,3,NA,NA,NA,NA,NA
2019,10,22,6,NA,NA,NA,NA,NA
2019,10,22,9,NA,NA,NA,NA,NA
2019,10,22,12,NA,NA,NA,NA,NA
2019,10,22,15,NA,NA,NA,NA,NA
2019,10,22,18,NA,NA,NA,NA,NA
2019,10,22,21,NA,NA,NA,NA,NA
2019,10,23,0,NA,NA,NA,NA,NA
2019,10,23,3,NA,NA,NA,NA,NA
2019,10,23,6,NA,NA,NA,NA,NA
2019,10,23,9,NA,NA,NA,NA,NA
2019,10,23,12,NA,NA,NA,NA,NA
2019,10,23,15,NA,NA,NA,NA,NA
2019,10,23,18,NA,NA,NA,NA,NA
2019,10,23,21,NA,NA,NA,NA,NA
2019,10,24,0,NA,NA,NA,NA,NA
2019,10,24,3,NA,NA,NA,NA,NA
2019,10,24,6,NA,NA,NA,NA,NA
2019,10,24,9,NA,NA,NA,NA,NA
2019,10,24,12,NA,NA,NA,NA,NA
2019,10,24,15,NA,NA,NA,NA,NA
2019,10,24,18,NA,NA,NA,NA,NA
2019,10,24,21,NA,NA,NA,NA,NA
2019,10,25,0,NA,NA,NA,NA,NA
2019,10,25,3,NA,NA,NA,NA,NA
2019,10,25,6,NA,NA,NA,NA,NA
2019,10,25,9,NA,NA,NA,NA,NA
2019,10,25,12,NA,NA,NA,NA,NA
2019,10,25,15,NA,NA,NA,NA,NA
2019,10,25,18,NA,NA,NA,NA,NA
2019,10,25,21,NA,NA,NA,NA,NA
2019,10,26,0,NA,NA,NA,NA,NA
2019,10,26,3,NA,NA,NA,NA,NA
2019,10,26,6,NA,NA,NA,NA,NA
2019,10,26,9,NA,NA,NA,NA,NA
2019,10,26,12,NA,NA,NA,NA,NA
2019,10,26,15,NA,NA,NA,NA,NA
2019,10,26,18,NA,NA,NA,NA,NA
2019,10,26,21,NA,NA,NA,NA,NA
2019,10,27,0,NA,NA,NA,NA,NA
2019,10,27,3,NA,NA,NA,NA,NA
2019,10,27,6,NA,NA,NA,NA,NA
2019,10,27,9,NA,NA,NA,NA,NA
2019,10,27,12,NA,NA,NA,NA,NA
2019,10,27,15,NA,NA,NA,NA,NA
2019,10,27,18,NA,NA,NA,NA,NA
2019,10,27,21,NA,NA,NA,NA,NA
2019,10,28,0,NA,NA,NA,NA,NA
2019,10,28,3,NA,NA,NA,NA,NA
2019,10,28,6,NA,NA,NA,NA,NA
2019,10,28,9,NA,NA,NA,NA,NA
2019,10,28,12,NA,NA,NA,NA,NA
2019,10,28,15,NA,NA,NA,NA,NA
2019,10,28,18,NA,NA,NA,NA,NA
2019,10,28,21,NA,NA,NA,NA,NA
2019,10,29,0,NA,NA,NA,NA,NA
2019,10,29,3,NA,NA,NA,NA,NA
2019,10,29,6,NA,NA,NA,NA,NA
2019,10,29,9,NA,NA,NA,NA,NA
2019,10,29,12,NA,NA,NA,NA,NA
2019,10,29,15,NA,NA,NA,NA,NA
2019,10,29,18,NA,NA,NA,NA,NA
2019,10,29,21,NA,NA,NA,NA,NA
2019,10,30,0,NA,NA,NA,NA,NA
2019,10,30,3,NA,NA,NA,NA,NA
2019,10,30,6,NA,NA,NA,NA,NA
2019,10,30,9,NA,NA,NA,NA,NA
2019,10,30,12,NA,NA,NA,NA,NA
2019,10,30,15,NA,NA,NA,NA,NA
2019,10,30,18,NA,NA,NA,NA,NA
2019,10,30,21,NA,NA,NA,NA,NA
2019,10,31,0,NA,NA,NA,NA,NA
2019,10,31,3,NA,NA,NA,NA,NA
2019,10,31,6,NA,NA,NA,NA,NA
2019,10,31,9,NA,NA,NA,NA,NA
2019,10,31,12,NA,NA,NA,NA,NA
2019,10,31,15,NA,NA,NA,NA,NA
2019,10,31,18,NA,NA,NA,NA,NA
2019,10,31,21,NA,NA,NA,NA,NA
2019,11,1,0,NA,NA,NA,NA,NA
2019,11,1,3,NA,NA,NA,NA,NA
2019,11,1,6,NA,NA,NA,NA,NA
2019,11,1,9,NA,NA,NA,NA,NA
2019,11,1,12,NA,NA,NA,NA,NA
2019,11,1,15,NA,NA,NA,NA,NA
2019,11,1,18,NA,NA,NA,NA,NA
2019,11,1,21,NA,NA,NA,NA,NA
2019,11,2,0,NA,NA,NA,NA,NA
2019,11,2,3,NA,NA,NA,NA,NA
2019,11,2,6,NA,NA,NA,NA,NA
2019,11,2,9,NA,NA,NA,NA,NA
2019,11,2,12,NA,NA,NA,NA,NA
2019,11,2,15,NA,NA,NA,NA,NA
2019,11,2,18,NA,NA,NA,NA,NA
2019,11,2,21,NA,NA,NA,NA,NA
2019,11,3,0,NA,NA,NA,NA,NA
2019,11,3,3,NA,NA,NA,NA,NA
2019,11,3,6,NA,NA,NA,NA,NA
2019,11,3,9,NA,NA,NA,NA,NA
2019,11,3,12,NA,NA,NA,NA,NA
2019,11,3,15,NA,NA,NA,NA,NA
2019,11,3,18,NA,NA,NA,NA,NA
2019,11,3,21,NA,NA,NA,NA,NA
2019,11,4,0,NA,NA,NA,NA,NA
2019,11,4,3,NA,NA,NA,NA,NA
2019,11,4,6,NA,NA,NA,NA,NA
2019,11,4,9,NA,NA,NA,NA,NA
2019,11,4,12,NA,NA,NA,NA,NA
2019,11,4,15,NA,NA,NA,NA,NA
2019,11,4,18,NA,NA,NA,NA,NA
2019,11,4,21,NA,NA,NA,NA,NA
2019,11,5,0,NA,NA,NA,NA,NA
2019,11,5,3,NA,NA,NA,NA,NA
2019,11,5,6,NA,NA,NA,NA,NA
2019,11,5,9,NA,NA,NA,NA,NA
2019,11,5,12,NA,NA,NA,NA,NA
2019,11,5,15,NA,NA,NA,NA,NA
2019,11,5,18,NA,NA,NA,NA,NA
2019,11,5,21,NA,NA,NA,NA,NA
2019,11,6,0,NA,NA,NA,NA,NA
2019,11,6,3,NA,NA,NA,NA,NA
2019,11,6,6,NA,NA,NA,NA,NA
2019,11,6,9,NA,NA,NA,NA,NA
2019,11,6,12,NA,NA,NA,NA,NA
2019,11,6,15,NA,NA,NA,NA,NA
2019,11,6,18,NA,NA,NA,NA,NA
2019,11,6,21,NA,NA,NA,NA,NA
2019,11,7,0,NA,NA,NA,NA,NA
2019,11,7,3,NA,NA,NA,NA,NA
2019,11,7,6,NA,NA,NA,NA,NA
2019,11,7,9,NA,NA,NA,NA,NA
2019,11,7,12,NA,NA,NA,NA,NA
2019,11,7,15,NA,NA,NA,NA,NA
2019,11,7,18,NA,NA,NA,NA,NA
2019,11,7,21,NA,NA,NA,NA,NA
2019,11,8,0,NA,NA,NA,NA,NA
2019,11,8,3,NA,NA,NA,NA,NA
2019,11,8,6,NA,NA,NA,NA,NA
2019,11,8,9,NA,NA,NA,NA,NA
2019,11,8,12,NA,NA,NA,NA,NA
2019,11,8,15,NA,NA,NA,NA,NA
2019,11,8,18,NA,NA,NA,NA,NA
2019,11,8,21,NA,NA,NA,NA,NA
2019,11,9,0,NA,NA,NA,NA,NA
2019,11,9,3,NA,NA,NA,NA,NA
2019,11,9,6,NA,NA,NA,NA,NA
2019,11,9,9,NA,NA,NA,NA,NA
2019,11,9,12,NA,NA,NA,NA,NA
2019,11,9,15,NA,NA,NA,NA,NA
2019,11,9,18,NA,NA,NA,NA,NA
2019,11,9,21,NA,NA,NA,NA,NA
2019,11,10,0,NA,NA,NA,NA,NA
2019,11,10,3,NA,NA,NA,NA,NA
2019,11,10,6,NA,NA,NA,NA,NA
2019,11,10,9,NA,NA,NA,NA,NA
2019,11,10,12,NA,NA,NA,NA,NA
2019,11,10,15,NA,NA,NA,NA,NA
2019,11,10,18,NA,NA,NA,NA,NA
2019,11,10,21,NA,NA,NA,NA,NA
2019,11,11,0,NA,NA,NA,NA,NA
2019,11,11,3,NA,NA,NA,NA,NA
2019,11,11,6,NA,NA,NA,NA,NA
2019,11,11,9,NA,NA,NA,NA,NA
2019,11,11,12,NA,NA,NA,NA,NA
2019,11,11,15,NA,NA,NA,NA,NA
2019,11,11,18,NA,NA,NA,NA,NA
2019,11,11,21,NA,NA,NA,NA,NA
2019,11,12,0,NA,NA,NA,NA,NA
2019,11,12,3,NA,NA,NA,NA,NA
2019,11,12,6,NA,NA,NA,NA,NA
2019,11,12,9,NA,NA,NA,NA,NA
2019,11,12,12,NA,NA,NA,NA,NA
2019,11,12,15,NA,NA,NA,NA,NA
2019,11,12,18,NA,NA,NA,NA,NA
2019,11,12,21,NA,NA,NA,NA,NA
2019,11,13,0,NA,NA,NA,NA,NA
2019,11,13,3,NA,NA,NA,NA,NA
2019,11,13,6,NA,NA,NA,NA,NA
2019,11,13,9,NA,NA,NA,NA,NA
2019,11,13,12,NA,NA,NA,NA,NA
2019,11,13,15,NA,NA,NA,NA,NA
2019,11,13,18,NA,NA,NA,NA,NA
2019,11,13,21,NA,NA,NA,NA,NA
2019,11,14,0,NA,NA,NA,NA,NA
2019,11,14,3,NA,NA,NA,NA,NA
2019,11,14,6,NA,NA,NA,NA,NA
2019,11,14,9,NA,NA,NA,NA,NA
2019,11,14,12,NA,NA,NA,NA,NA
2019,11,14,15,NA,NA,NA,NA,NA
2019,11,14,18,NA,NA,NA,NA,NA
2019,11,14,21,NA,NA,NA,NA,NA
2019,11,15,0,NA,NA,NA,NA,NA
2019,11,15,3,NA,NA,NA,NA,NA
2019,11,15,6,NA,NA,NA,NA,NA
2019,11,15,9,NA,NA,NA,NA,NA
2019,11,15,12,NA,NA,NA,NA,NA
2019,11,15,15,NA,NA,NA,NA,NA
2019,11,15,18,NA,NA,NA,NA,NA
2019,11,15,21,NA,NA,NA,NA,NA
2019,11,16,0,NA,NA,NA,NA,NA
2019,11,16,3,NA,NA,NA,NA,NA
2019,11,16,6,NA,NA,NA,NA,NA
2019,11,16,9,NA,NA,NA,NA,NA
2019,11,16,12,NA,NA,NA,NA,NA
2019,11,16,15,NA,NA,NA,NA,NA
2019,11,16,18,NA,NA,NA,NA,NA
2019,11,16,21,NA,NA,NA,NA,NA
2019,11,17,0,NA,NA,NA,NA,NA
2019,11,17,3,NA,NA,NA,NA,NA
2019,11,17,6,NA,NA,NA,NA,NA
2019,11,17,9,NA,NA,NA,NA,NA
2019,11,17,12,NA,NA,NA,NA,NA
2019,11,17,15,NA,NA,NA,NA,NA
2019,11,17,18,NA,NA,NA,NA,NA
2019,11,17,21,NA,NA,NA,NA,NA
2019,11,18,0,NA,NA,NA,NA,NA
2019,11,18,3,NA,NA,NA,NA,NA
2019,11,18,6,NA,NA,NA,NA,NA
2019,11,18,9,NA,NA,NA,NA,NA
2019,11,18,12,NA,NA,NA,NA,NA
2019,11,18,15,NA,NA,NA,NA,NA
2019,11,18,18,NA,NA,NA,NA,NA
2019,11,18,21,NA,NA,NA,NA,NA
2019,11,19,0,NA,NA,NA,NA,NA
2019,11,19,3,NA,NA,NA,NA,NA
2019,11,19,6,NA,NA,NA,NA,NA
2019,11,19,9,NA,NA,NA,NA,NA
2019,11,19,12,NA,NA,NA,NA,NA
2019,11,19,15,NA,NA,NA,NA,NA
2019,11,19,18,NA,NA,NA,NA,NA
2019,11,19,21,NA,NA,NA,NA,NA
2019,11,20,0,NA,NA,NA,NA,NA
2019,11,20,3,NA,NA,NA,NA,NA
2019,11,20,6,NA,NA,NA,NA,NA
2019,11,20,9,NA,NA,NA,NA,NA
2019,11,20,12,NA,NA,NA,NA,NA
2019,11,20,15,NA,NA,NA,NA,NA
2019,11,20,18,NA,NA,NA,NA,NA
2019,11,20,21,NA,NA,NA,NA,NA
2019,11,21,0,NA,NA,NA,NA,NA
2019,11,21,3,NA,NA,NA,NA,NA
2019,11,21,6,NA,NA,NA,NA,NA
2019,11,21,9,NA,NA,NA,NA,NA
2019,11,21,12,NA,NA,NA,NA,NA
2019,11,21,15,NA,NA,NA,NA,NA
2019,11,21,18,NA,NA,NA,NA,NA
2019,11,21,21,NA,NA,NA,NA,NA
2019,11,22,0,NA,NA,NA,NA,NA
2019,11,22,3,NA,NA,NA,NA,NA
2019,11,22,6,NA,NA,NA,NA,NA
2019,11,22,9,NA,NA,NA,NA,NA
2019,11,22,12,NA,NA,NA,NA,NA
2019,11,22,15,NA,NA,NA,NA,NA
2019,11,22,18,NA,NA,NA,NA,NA
2019,11,22,21,NA,NA,NA,NA,NA
2019,11,23,0,NA,NA,NA,NA,NA
2019,11,23,3,NA,NA,NA,NA,NA
2019,11,23,6,NA,NA,NA,NA,NA
2019,11,23,9,NA,NA,NA,NA,NA
2019,11,23,12,NA,NA,NA,NA,NA
2019,11,23,15,NA,NA,NA,NA,NA
2019,11,23,18,NA,NA,NA,NA,NA
2019,11,23,21,NA,NA,NA,NA,NA
2019,11,24,0,NA,NA,NA,NA,NA
2019,11,24,3,NA,NA,NA,NA,NA
2019,11,24,6,NA,NA,NA,NA,NA
2019,11,24,9,NA,NA,NA,NA,NA
2019,11,24,12,NA,NA,NA,NA,NA
2019,11,24,15,NA,NA,NA,NA,NA
2019,11,24,18,NA,NA,NA,NA,NA
2019,11,24,21,NA,NA,NA,NA,NA
2019,11,25,0,NA,NA,NA,NA,NA
2019,11,25,3,NA,NA,NA,NA,NA
2019,11,25,6,NA,NA,NA,NA,NA
2019,11,25,9,NA,NA,NA,NA,NA
2019,11,25,12,NA,NA,NA,NA,NA
2019,11,25,15,NA,NA,NA,NA,NA
2019,11,25,18,NA,NA,NA,NA,NA
2019,11,25,21,NA,NA,NA,NA,NA
2019,11,26,0,NA,NA,NA,NA,NA
2019,11,26,3,NA,NA,NA,NA,NA
2019,11,26,6,NA,NA,NA,NA,NA
2019,11,26,9,NA,NA,NA,NA,NA
2019,11,26,12,NA,NA,NA,NA,NA
2019,11,26,15,NA,NA,NA,NA,NA
2019,11,26,18,NA,NA,NA,NA,NA
2019,11,26,21,NA,NA,NA,NA,NA
2019,11,27,0,NA,NA,NA,NA,NA
2019,11,27,3,NA,NA,NA,NA,NA
2019,11,27,6,NA,NA,NA,NA,NA
2019,11,27,9,NA,NA,NA,NA,NA
2019,11,27,12,NA,NA,NA,NA,NA
2019,11,27,15,NA,NA,NA,NA,NA
2019,11,27,18,NA,NA,NA,NA,NA
2019,11,27,21,NA,NA,NA,NA,NA
2019,11,28,0,NA,NA,NA,NA,NA
2019,11,28,3,NA,NA,NA,NA,NA
2019,11,28,6,NA,NA,NA,NA,NA
2019,11,28,9,NA,NA,NA,NA,NA
2019,11,28,12,NA,NA,NA,NA,NA
2019,11,28,15,NA,NA,NA,NA,NA
2019,11,28,18,NA,NA,NA,NA,NA
2019,11,28,21,NA,NA,NA,NA,NA
2019,11,29,0,NA,NA,NA,NA,NA
2019,11,29,3,NA,NA,NA,NA,NA
2019,11,29,6,NA,NA,NA,NA,NA
2019,11,29,9,NA,NA,NA,NA,NA
2019,11,29,12,NA,NA,NA,NA,NA
2019,11,29,15,NA,NA,NA,NA,NA
2019,11,29,18,NA,NA,NA,NA,NA
2019,11,29,21,NA,NA,NA,NA,NA
2019,11,30,0,NA,NA,NA,NA,NA
2019,11,30,3,NA,NA,NA,NA,NA
2019,11,30,6,NA,NA,NA,NA,NA
2019,11,30,9,NA,NA,NA,NA,NA
2019,11,30,12,NA,NA,NA,NA,NA
2019,11,30,15,NA,NA,NA,NA,NA
2019,11,30,18,NA,NA,NA,NA,NA
2019,11,30,21,NA,NA,NA,NA,NA
2019,12,1,0,NA,NA,NA,NA,NA
2019,12,1,3,NA,NA,NA,NA,NA
2019,12,1,6,NA,NA,NA,NA,NA
2019,12,1,9,NA,NA,NA,NA,NA
2019,12,1,12,NA,NA,NA,NA,NA
2019,12,1,15,NA,NA,NA,NA,NA
2019,12,1,18,NA,NA,NA,NA,NA
2019,12,1,21,NA,NA,NA,NA,NA
2019,12,2,0,NA,NA,NA,NA,NA
2019,12,2,3,NA,NA,NA,NA,NA
2019,12,2,6,NA,NA,NA,NA,NA
2019,12,2,9,NA,NA,NA,NA,NA
2019,12,2,12,NA,NA,NA,NA,NA
2019,12,2,15,NA,NA,NA,NA,NA
2019,12,2,18,NA,NA,NA,NA,NA
2019,12,2,21,NA,NA,NA,NA,NA
2019,12,3,0,NA,NA,NA,NA,NA
2019,12,3,3,NA,NA,NA,NA,NA
2019,12,3,6,NA,NA,NA,NA,NA
2019,12,3,9,NA,NA,NA,NA,NA
2019,12,3,12,NA,NA,NA,NA,NA
2019,12,3,15,NA,NA,NA,NA,NA
2019,12,3,18,NA,NA,NA,NA,NA
2019,12,3,21,NA,NA,NA,NA,NA
2019,12,4,0,NA,NA,NA,NA,NA
2019,12,4,3,NA,NA,NA,NA,NA
2019,12,4,6,NA,NA,NA,NA,NA
2019,12,4,9,NA,NA,NA,NA,NA
2019,12,4,12,NA,NA,NA,NA,NA
2019,12,4,15,NA,NA,NA,NA,NA
2019,12,4,18,NA,NA,NA,NA,NA
2019,12,4,21,NA,NA,NA,NA,NA
2019,12,5,0,NA,NA,NA,NA,NA
2019,12,5,3,NA,NA,NA,NA,NA
2019,12,5,6,NA,NA,NA,NA,NA
2019,12,5,9,NA,NA,NA,NA,NA
2019,12,5,12,NA,NA,NA,NA,NA
2019,12,5,15,NA,NA,NA,NA,NA
2019,12,5,18,NA,NA,NA,NA,NA
2019,12,5,21,NA,NA,NA,NA,NA
2019,12,6,0,NA,NA,NA,NA,NA
2019,12,6,3,NA,NA,NA,NA,NA
2019,12,6,6,NA,NA,NA,NA,NA
2019,12,6,9,NA,NA,NA,NA,NA
2019,12,6,12,NA,NA,NA,NA,NA
2019,12,6,15,NA,NA,NA,NA,NA
2019,12,6,18,NA,NA,NA,NA,NA
2019,12,6,21,NA,NA,NA,NA,NA
2019,12,7,0,NA,NA,NA,NA,NA
2019,12,7,3,NA,NA,NA,NA,NA
2019,12,7,6,NA,NA,NA,NA,NA
2019,12,7,9,NA,NA,NA,NA,NA
2019,12,7,12,NA,NA,NA,NA,NA
2019,12,7,15,NA,NA,NA,NA,NA
2019,12,7,18,NA,NA,NA,NA,NA
2019,12,7,21,NA,NA,NA,NA,NA
2019,12,8,0,NA,NA,NA,NA,NA
2019,12,8,3,NA,NA,NA,NA,NA
2019,12,8,6,NA,NA,NA,NA,NA
2019,12,8,9,NA,NA,NA,NA,NA
2019,12,8,12,NA,NA,NA,NA,NA
2019,12,8,15,NA,NA,NA,NA,NA
2019,12,8,18,NA,NA,NA,NA,NA
2019,12,8,21,NA,NA,NA,NA,NA
2019,12,9,0,NA,NA,NA,NA,NA
2019,12,9,3,NA,NA,NA,NA,NA
2019,12,9,6,NA,NA,NA,NA,NA
2019,12,9,9,NA,NA,NA,NA,NA
2019,12,9,12,NA,NA,NA,NA,NA
2019,12,9,15,NA,NA,NA,NA,NA
2019,12,9,18,NA,NA,NA,NA,NA
2019,12,9,21,NA,NA,NA,NA,NA
2019,12,10,0,NA,NA,NA,NA,NA
2019,12,10,3,NA,NA,NA,NA,NA
2019,12,10,6,NA,NA,NA,NA,NA
2019,12,10,9,NA,NA,NA,NA,NA
2019,12,10,12,NA,NA,NA,NA,NA
2019,12,10,15,NA,NA,NA,NA,NA
2019,12,10,18,NA,NA,NA,NA,NA
2019,12,10,21,NA,NA,NA,NA,NA
2019,12,11,0,NA,NA,NA,NA,NA
2019,12,11,3,NA,NA,NA,NA,NA
2019,12,11,6,NA,NA,NA,NA,NA
2019,12,11,9,NA,NA,NA,NA,NA
2019,12,11,12,NA,NA,NA,NA,NA
2019,12,11,15,NA,NA,NA,NA,NA
2019,12,11,18,NA,NA,NA,NA,NA
2019,12,11,21,NA,NA,NA,NA,NA
2019,12,12,0,NA,NA,NA,NA,NA
2019,12,12,3,NA,NA,NA,NA,NA
2019,12,12,6,NA,NA,NA,NA,NA
2019,12,12,9,NA,NA,NA,NA,NA
2019,12,12,12,NA,NA,NA,NA,NA
2019,12,12,15,NA,NA,NA,NA,NA
2019,12,12,18,NA,NA,NA,NA,NA
2019,12,12,21,NA,NA,NA,NA,NA
2019,12,13,0,NA,NA,NA,NA,NA
2019,12,13,3,NA,NA,NA,NA,NA
2019,12,13,6,NA,NA,NA,NA,NA
2019,12,13,9,NA,NA,NA,NA,NA
2019,12,13,12,NA,NA,NA,NA,NA
2019,12,13,15,NA,NA,NA,NA,NA
2019,12,13,18,NA,NA,NA,NA,NA
2019,12,13,21,NA,NA,NA,NA,NA
2019,12,14,0,NA,NA,NA,NA,NA
2019,12,14,3,NA,NA,NA,NA,NA
2019,12,14,6,NA,NA,NA,NA,NA
2019,12,14,9,NA,NA,NA,NA,NA
2019,12,14,12,NA,NA,NA,NA,NA
2019,12,14,15,NA,NA,NA,NA,NA
2019,12,14,18,NA,NA,NA,NA,NA
2019,12,14,21,NA,NA,NA,NA,NA
2019,12,15,0,NA,NA,NA,NA,NA
2019,12,15,3,NA,NA,NA,NA,NA
2019,12,15,6,NA,NA,NA,NA,NA
2019,12,15,9,NA,NA,NA,NA,NA
2019,12,15,12,NA,NA,NA,NA,NA
2019,12,15,15,NA,NA,NA,NA,NA
2019,12,15,18,NA,NA,NA,NA,NA
2019,12,15,21,NA,NA,NA,NA,NA
2019,12,16,0,NA,NA,NA,NA,NA
2019,12,16,3,NA,NA,NA,NA,NA
2019,12,16,6,NA,NA,NA,NA,NA
2019,12,16,9,NA,NA,NA,NA,NA
2019,12,16,12,NA,NA,NA,NA,NA
2019,12,16,15,NA,NA,NA,NA,NA
2019,12,16,18,NA,NA,NA,NA,NA
2019,12,16,21,NA,NA,NA,NA,NA
2019,12,17,0,NA,NA,NA,NA,NA
2019,12,17,3,NA,NA,NA,NA,NA
2019,12,17,6,NA,NA,NA,NA,NA
2019,12,17,9,NA,NA,NA,NA,NA
2019,12,17,12,NA,NA,NA,NA,NA
2019,12,17,15,NA,NA,NA,NA,NA
2019,12,17,18,NA,NA,NA,NA,NA
2019,12,17,21,NA,NA,NA,NA,NA
2019,12,18,0,NA,NA,NA,NA,NA
2019,12,18,3,NA,NA,NA,NA,NA
2019,12,18,6,NA,NA,NA,NA,NA
2019,12,18,9,NA,NA,NA,NA,NA
2019,12,18,12,NA,NA,NA,NA,NA
2019,12,18,15,NA,NA,NA,NA,NA
2019,12,18,18,NA,NA,NA,NA,NA
2019,12,18,21,NA,NA,NA,NA,NA
2019,12,19,0,NA,NA,NA,NA,NA
2019,12,19,3,NA,NA,NA,NA,NA
2019,12,19,6,NA,NA,NA,NA,NA
2019,12,19,9,NA,NA,NA,NA,NA
2019,12,19,12,NA,NA,NA,NA,NA
2019,12,19,15,NA,NA,NA,NA,NA
2019,12,19,18,NA,NA,NA,NA,NA
2019,12,19,21,NA,NA,NA,NA,NA
2019,12,20,0,NA,NA,NA,NA,NA
2019,12,20,3,NA,NA,NA,NA,NA
2019,12,20,6,NA,NA,NA,NA,NA
2019,12,20,9,NA,NA,NA,NA,NA
2019,12,20,12,NA,NA,NA,NA,NA
2019,12,20,15,NA,NA,NA,NA,NA
2019,12,20,18,NA,NA,NA,NA,NA
2019,12,20,21,NA,NA,NA,NA,NA
2019,12,21,0,NA,NA,NA,NA,NA
2019,12,21,3,NA,NA,NA,NA,NA
2019,12,21,6,NA,NA,NA,NA,NA
2019,12,21,9,NA,NA,NA,NA,NA
2019,12,21,12,NA,NA,NA,NA,NA
2019,12,21,15,NA,NA,NA,NA,NA
2019,12,21,18,NA,NA,NA,NA,NA
2019,12,21,21,NA,NA,NA,NA,NA
2019,12,22,0,NA,NA,NA,NA,NA
2019,12,22,3,NA,NA,NA,NA,NA
2019,12,22,6,NA,NA,NA,NA,NA
2019,12,22,9,NA,NA,NA,NA,NA
2019,12,22,12,NA,NA,NA,NA,NA
2019,12,22,15,NA,NA,NA,NA,NA
2019,12,22,18,NA,NA,NA,NA,NA
2019,12,22,21,NA,NA,NA,NA,NA
2019,12,23,0,NA,NA,NA,NA,NA
2019,12,23,3,NA,NA,NA,NA,NA
2019,12,23,6,NA,NA,NA,NA,NA
2019,12,23,9,NA,NA,NA,NA,NA
2019,12,23,12,NA,NA,NA,NA,NA
2019,12,23,15,NA,NA,NA,NA,NA
2019,12,23,18,NA,NA,NA,NA,NA
2019,12,23,21,NA,NA,NA,NA,NA
2019,12,24,0,NA,NA,NA,NA,NA
2019,12,24,3,NA,NA,NA,NA,NA
2019,12,24,6,NA,NA,NA,NA,NA
2019,12,24,9,NA,NA,NA,NA,NA
2019,12,24,12,NA,NA,NA,NA,NA
2019,12,24,15,NA,NA,NA,NA,NA
2019,12,24,18,NA,NA,NA,NA,NA
2019,12,24,21,NA,NA,NA,NA,NA
2019,12,25,0,NA,NA,NA,NA,NA
2019,12,25,3,NA,NA,NA,NA,NA
2019,12,25,6,NA,NA,NA,NA,NA
2019,12,25,9,NA,NA,NA,NA,NA
2019,12,25,12,NA,NA,NA,NA,NA
2019,12,25,15,NA,NA,NA,NA,NA
2019,12,25,18,NA,NA,NA,NA,NA
2019,12,25,21,NA,NA,NA,NA,NA
2019,12,26,0,NA,NA,NA,NA,NA
2019,12,26,3,NA,NA,NA,NA,NA
2019,12,26,6,NA,NA,NA,NA,NA
2019,12,26,9,NA,NA,NA,NA,NA
2019,12,26,12,NA,NA,NA,NA,NA
2019,12,26,15,NA,NA,NA,NA,NA
2019,12,26,18,NA,NA,NA,NA,NA
2019,12,26,21,NA,NA,NA,NA,NA
2019,12,27,0,NA,NA,NA,NA,NA
2019,12,27,3,NA,NA,NA,NA,NA
2019,12,27,6,NA,NA,NA,NA,NA
2019,12,27,9,NA,NA,NA,NA,NA
2019,12,27,12,NA,NA,NA,NA,NA
2019,12,27,15,NA,NA,NA,NA,NA
2019,12,27,18,NA,NA,NA,NA,NA
2019,12,27,21,NA,NA,NA,NA,NA
2019,12,28,0,NA,NA,NA,NA,NA
2019,12,28,3,NA,NA,NA,NA,NA
2019,12,28,6,NA,NA,NA,NA,NA
2019,12,28,9,NA,NA,NA,NA,NA
2019,12,28,12,NA,NA,NA,NA,NA
2019,12,28,15,NA,NA,NA,NA,NA
2019,12,28,18,NA,NA,NA,NA,NA
2019,12,28,21,NA,NA,NA,NA,NA
2019,12,29,0,NA,NA,NA,NA,NA
2019,12,29,3,NA,NA,NA,NA,NA
2019,12,29,6,NA,NA,NA,NA,NA
2019,12,29,9,NA,NA,NA,NA,NA
2019,12,29,12,NA,NA,NA,NA,NA
2019,12,29,15,NA,NA,NA,NA,NA
2019,12,29,18,NA,NA,NA,NA,NA
2019,12,29,21,NA,NA,NA,NA,NA
2019,12,30,0,NA,NA,NA,NA,NA
2019,12,30,3,NA,NA,NA,NA,NA
2019,12,30,6,NA,NA,NA,NA,NA
2019,12,30,9,NA,NA,NA,NA,NA
2019,12,30,12,NA,NA,NA,NA,NA
2019,12,30,15,NA,NA,NA,NA,NA
2019,12,30,18,NA,NA,NA,NA,NA
2019,12,30,21,NA,NA,NA,NA,NA
2019,12,31,0,NA,NA,NA,NA,NA
2019,12,31,3,NA,NA,NA,NA,NA
2019,12,31,6,NA,NA,NA,NA,NA
2019,12,31,9,NA,NA,NA,NA,NA
2019,12,31,12,NA,NA,NA,NA,NA
2019,12,31,15,NA,NA,NA,NA,NA
2019,12,31,18,NA,NA,NA,NA,NA
2019,12,31,21,1.3,987.2,NA,NA,NA
2020,1,1,0,-0.3,986.7,NA,NA,NA
2020,1,1,3,-1.2,985.6,NA,NA,NA
2020,1,1,6,-1.1,984.7,NA,NA,NA
2020,1,1,9,-1.3,983.3,NA,NA,NA
2020,1,1,12,0.7,982,NA,NA,NA
2020,1,1,15,-0.4,980,NA,NA,NA
2020,1,1,18,1.4,978.3,NA,NA,NA
2020,1,1,21,-0.3,976.5,NA,NA,NA
2020,1,2,0,-1.2,974.2,NA,NA,NA
2020,1,2,3,-1.6,971.4,NA,NA,NA
2020,1,2,6,-2.3,970,NA,NA,NA
2020,1,2,9,-2.2,967.4,NA,NA,NA
2020,1,2,12,-2.2,964.4,NA,NA,NA
2020,1,2,15,-1.7,962.1,NA,NA,NA
2020,1,2,18,-1.2,960.9,NA,NA,NA
2020,1,2,21,-0.2,959.8,NA,NA,NA
2020,1,3,0,-1.1,956.8,NA,NA,NA
2020,1,3,3,-1.1,955.8,NA,NA,NA
2020,1,3,6,-1,955,NA,NA,NA
2020,1,3,9,-2.4,957,NA,NA,NA
2020,1,3,12,-3.3,958,NA,NA,NA
2020,1,3,15,0.1,958.4,NA,NA,NA
2020,1,3,18,0.6,959.2,NA,NA,NA
2020,1,3,21,0.7,959.9,NA,NA,NA
2020,1,4,0,-0.1,960.7,NA,NA,NA
2020,1,4,3,-0.8,961.1,NA,NA,NA
2020,1,4,6,-0.4,962.9,NA,NA,NA
2020,1,4,9,-1.6,964.8,NA,NA,NA
2020,1,4,12,-2.3,965.8,NA,NA,NA
2020,1,4,15,-2.6,967.9,NA,NA,NA
2020,1,4,18,-1.9,968.6,NA,NA,NA
2020,1,4,21,-1,969.5,NA,NA,NA
2020,1,5,0,-1.4,969.8,NA,NA,NA
2020,1,5,3,-2,969.7,NA,NA,NA
2020,1,5,6,-2.3,969.8,NA,NA,NA
2020,1,5,9,-2.2,969.3,NA,NA,NA
2020,1,5,12,-1.6,968.6,NA,NA,NA
2020,1,5,15,-1.8,968.1,NA,NA,NA
2020,1,5,18,-1.1,967.8,NA,NA,NA
2020,1,5,21,-1,967.8,NA,NA,NA
2020,1,6,0,-1.8,968.1,NA,NA,NA
2020,1,6,3,-2.6,968.6,NA,NA,NA
2020,1,6,6,-2.8,969.8,NA,NA,NA
2020,1,6,9,-2.8,970.8,NA,NA,NA
2020,1,6,12,-1.1,972,NA,NA,NA
2020,1,6,15,-1.2,973.4,NA,NA,NA
2020,1,6,18,-1.2,974.4,NA,NA,NA
2020,1,6,21,-1,976.7,NA,NA,NA
2020,1,7,0,-1.6,979.8,NA,NA,NA
2020,1,7,3,-1.8,981.7,NA,NA,NA
2020,1,7,6,NA,NA,NA,NA,NA
2020,1,7,9,NA,NA,NA,NA,NA
2020,1,7,12,NA,NA,NA,NA,NA
2020,1,7,15,NA,NA,NA,NA,NA
2020,1,7,18,NA,NA,NA,NA,NA
2020,1,7,21,NA,NA,NA,NA,NA
