Year,Month,Day,Temperature(¡æ),wt_T,Pressure(hPa),wt_P,Wind Speed(m/s),wt_WS,Wind Direction,wt_WD,Relative Humidity(%),wt_RH,Vector Wind Speed(m/s),Vector Wind Direction(¡ã),wt_V
2011,2,1,NA,0,NA,0,NA,0,NA,0,NA,0,NA,NA,0
2011,2,2,NA,0,NA,0,NA,0,NA,0,NA,0,NA,NA,0
2011,2,3,NA,0,NA,0,NA,0,NA,0,NA,0,NA,NA,0
2011,2,4,NA,0,NA,0,NA,0,NA,0,NA,0,NA,NA,0
2011,2,5,NA,0,NA,0,NA,0,NA,0,NA,0,NA,NA,0
2011,2,6,NA,0,NA,0,NA,0,NA,0,NA,0,NA,NA,0
2011,2,7,NA,0,NA,0,NA,0,NA,0,NA,0,NA,NA,0
2011,2,8,NA,0,NA,0,NA,0,NA,0,NA,0,NA,NA,0
2011,2,9,NA,0.625,NA,0.625,NA,0.625,NA,0.625,NA,0.625,NA,NA,0.625
2011,2,10,NA,0.375,981.3,1,1.89,1,215.5,1,82.62,1,1.52,192.75,1
2011,2,11,-18,1,988.64,1,3.59,1,192.88,1,82.92,1,3.37,189.94,1
2011,2,12,NA,0.375,993.21,1,2.71,1,188.5,1,81.12,1,2.04,192.35,1
2011,2,13,-20.98,1,990.08,1,3.17,1,217.12,1,79.3,1,3.05,218.55,1
2011,2,14,NA,0.625,983.99,1,4.81,1,193.25,1,73.56,1,4.47,194.9,1
2011,2,15,-18.11,0.875,989.54,1,6.39,1,207.12,1,81.86,1,6.22,204.41,1
2011,2,16,NA,0.625,985.7,1,5.8,1,215.38,1,80.41,1,5.64,218.78,1
2011,2,17,-13.71,1,974.44,1,5.35,1,236.88,1,76.74,1,5.22,236.09,1
2011,2,18,-17.2,1,970.72,1,7.64,1,210.75,1,84,1,7.48,210.13,1
2011,2,19,-12.68,1,981.49,1,NA,0.625,190.38,1,89.41,1,NA,NA,0.625
2011,2,20,-11.61,1,983.89,1,4.91,0.875,204.75,1,83.24,1,2.4,85.83,0.875
2011,2,21,-13.11,1,988.76,1,6.05,0.75,177,1,81.74,1,6.04,177.51,0.75
2011,2,22,-15.28,1,986.39,1,17.11,1,183.62,1,88.05,1,17.08,183.85,1
2011,2,23,-15.18,1,980.4,1,14.09,1,198.62,1,87.01,1,13.78,197.02,1
2011,2,24,-15.13,0.75,974.58,1,4.4,0.875,205.43,0.875,87.09,1,4.26,203.66,0.875
2011,2,25,NA,0.5,978.28,1,NA,0.625,NA,0.625,78.58,1,NA,NA,0.625
2011,2,26,-25.16,1,984.56,1,3.45,1,204,1,73.1,1,3.4,203.09,1
2011,2,27,NA,0.625,984.99,1,2.84,1,190.88,1,71.9,1,2.57,195.33,1
2011,2,28,NA,0.625,986.6,1,3.94,1,176.62,1,74.1,1,3.81,182.46,1
2011,3,1,-19.94,0.875,994.01,1,9.94,1,189.75,1,81.33,1,9.92,189.34,1
2011,3,2,-20.77,1,994.56,1,3.76,1,210.88,1,74.21,1,3.51,209.67,1
2011,3,3,-21.48,0.75,981.49,1,4.51,1,182.25,1,72.69,1,4.19,188.65,1
2011,3,4,NA,0.625,972.01,1,3.84,1,234.25,1,77.11,1,3.41,224.83,1
2011,3,5,-21.48,0.75,972.34,1,2.54,1,291.75,1,84.47,1,1.45,329.41,1
2011,3,6,-17.4,1,980.16,1,3.28,1,277.88,1,85.56,1,1.05,279.04,1
2011,3,7,-20.53,0.75,985.49,1,9.11,0.875,189.75,1,82.12,1,9.06,189.74,0.875
2011,3,8,-22.95,1,993.28,1,5.53,1,209.62,1,77.62,1,5.28,207.53,1
2011,3,9,-22.9,1,995.1,1,5.22,1,191.75,1,70,1,5.04,190.58,1
2011,3,10,-21.7,1,986.8,1,6.97,1,215.62,1,77.15,1,6.67,213.89,1
2011,3,11,-18.26,1,975.51,1,9.93,0.75,221.62,1,84.08,1,9.43,227.91,0.75
2011,3,12,-20.3,0.875,975.12,1,4.87,0.75,82.12,1,82.4,1,3.43,43.58,0.75
2011,3,13,-22.45,0.75,982.39,1,6.26,1,171,1,80.17,1,6.06,168.11,1
2011,3,14,-30.56,1,981.49,1,4.44,1,191.75,1,73.29,1,4.29,188.31,1
2011,3,15,-29.09,1,984.15,1,3.85,1,200.38,1,71.65,1,3.53,197.71,1
2011,3,16,NA,0.625,993.26,1,2.9,1,139,1,65.12,1,1.49,88.67,1
2011,3,17,NA,0.625,992.06,1,2.29,1,135.12,1,77.83,1,0.22,138.98,1
2011,3,18,-28.28,0.75,993.61,1,7.73,1,182.5,1,73.85,1,7.69,181.99,1
2011,3,19,-28.16,0.875,997.85,1,13.69,1,190.5,1,76.03,1,13.59,190.93,1
2011,3,20,-26.16,1,992.9,1,16.76,1,202.88,1,77.88,1,16.75,202.82,1
2011,3,21,-17.46,1,989.29,1,13.86,1,203.62,1,82.69,1,13.83,204.15,1
2011,3,22,-16.75,1,991.59,1,11.12,1,207.5,1,79.3,1,11.1,207.43,1
2011,3,23,-16,1,991.89,1,12.51,1,202.88,1,84.21,1,12.49,202.69,1
2011,3,24,-16.12,1,1000.41,1,8.81,1,198.25,1,77.38,1,8.68,198.56,1
2011,3,25,-21.22,0.75,1006.48,1,4.74,1,176,1,75.17,1,3.48,200.09,1
2011,3,26,-24.1,1,997.36,1,2.46,0.875,95.38,1,81.38,1,1.78,73.57,0.875
2011,3,27,-25.19,0.875,995.06,1,NA,0.25,212,1,71.5,1,NA,NA,0.25
2011,3,28,-27.8,0.875,994.9,1,NA,0.5,237.75,1,66.25,1,NA,NA,0.5
2011,3,29,-21.21,1,993.65,1,5.05,1,204.12,1,68.64,1,4.89,205.4,1
2011,3,30,-23.21,1,998.74,1,5.2,1,198.38,1,70.29,1,5.12,196.91,1
2011,3,31,-24,1,999,1,8.03,0.875,184.5,1,77.45,1,7.97,187.4,0.875
2011,4,1,-28.06,0.875,992.15,1,3.49,0.875,165.12,1,74.5,1,2.49,150.45,0.875
2011,4,2,-26.75,1,993.4,1,4.97,1,144.12,1,74.12,1,4.5,143.65,1
2011,4,3,-28.67,0.875,1000.31,1,2.83,1,249.12,1,75.7,1,2.33,244.48,1
2011,4,4,-28.59,1,996.35,1,1.5,1,151.62,1,75.24,1,1.12,167.07,1
2011,4,5,-32.3,1,993.32,1,3.2,1,223.12,1,71.78,1,2.88,216.03,1
2011,4,6,-31.72,0.75,993.74,1,2.16,1,162.25,1,71.2,1,1.25,163.21,1
2011,4,7,NA,0.5,996.35,1,3.22,1,202.88,1,72.12,1,1.05,277.21,1
2011,4,8,NA,0.5,991.21,1,2.56,0.875,117,1,70.15,1,1.33,71.16,0.875
2011,4,9,-28.43,0.75,971.19,1,NA,0.5,216.75,1,76.34,1,NA,NA,0.5
2011,4,10,-16.83,0.75,956.85,1,10.87,0.75,282.38,1,87.49,1,9.69,283.16,0.75
2011,4,11,-22.76,0.875,976.16,1,NA,0.5,114.38,1,81.21,1,NA,NA,0.5
2011,4,12,-21.81,0.875,990.8,1,NA,0.625,194,1,82.36,1,NA,NA,0.625
2011,4,13,-17.64,1,977.82,1,15.79,0.875,203.5,1,85.76,1,15.58,204.16,0.875
2011,4,14,-7.05,1,981.75,1,NA,0.625,166,1,95.9,1,NA,NA,0.625
2011,4,15,-8.51,1,995.75,1,11.04,0.875,197.88,1,90.7,1,10.92,194.79,0.875
2011,4,16,-14.56,1,991.36,1,3.93,0.875,191.5,1,83.08,1,3.26,199.14,0.875
2011,4,17,-19.14,0.875,983.82,1,6.28,1,120.5,1,78.59,1,5.31,123.17,1
2011,4,18,-25.09,1,989.36,1,5.91,1,149.62,1,75.95,1,5.85,149.22,1
2011,4,19,-25.36,1,995.59,1,2.99,1,106,1,74.25,1,2.11,104.85,1
2011,4,20,-21.27,1,992.1,1,2.65,1,180.12,1,83.53,1,2.09,166.12,1
2011,4,21,-35.67,0.75,991.09,1,5.7,1,191.25,1,70.06,1,5.54,189.76,1
2011,4,22,-39.62,0.75,995.06,1,6.44,1,211.12,1,65.22,1,6.11,204.33,1
2011,4,23,-35.77,0.875,995.52,1,3.66,0.875,225.25,1,69.1,1,2.88,211.73,0.875
2011,4,24,-36,0.875,989.4,1,6,0.75,219.25,1,67.66,1,5.53,212.82,0.75
2011,4,25,NA,0.375,984.78,1,NA,0.5,216.88,1,77.74,1,NA,NA,0.5
2011,4,26,NA,0.625,986.18,1,NA,0.625,211.25,1,80.4,1,NA,NA,0.625
2011,4,27,-33.17,1,982.61,1,3.49,1,242.38,1,72.12,1,3.16,244.09,1
2011,4,28,NA,0.625,983.46,1,5.81,1,224.75,1,74.75,1,5.47,220.98,1
2011,4,29,NA,0.625,986.48,1,NA,0.625,206,1,72.49,1,NA,NA,0.625
2011,4,30,-43.43,0.75,990.78,1,2.6,0.875,167,0.875,60.77,1,1.65,163.35,0.875
2011,5,1,NA,0.625,992.48,1,1.41,0.875,148,0.875,70,1,0.82,26.27,0.875
2011,5,2,-36.77,0.75,991.28,1,NA,0.25,NA,0.25,66.11,1,NA,NA,0.25
2011,5,3,-37.42,0.75,991.05,1,NA,0,NA,0.25,67.79,1,NA,NA,0
2011,5,4,NA,0.625,988.92,1,NA,0,NA,0,69.4,1,NA,NA,0
2011,5,5,-41.7,0.875,986.56,1,NA,0,NA,0,61.51,1,NA,NA,0
2011,5,6,-36.7,0.875,978.16,1,NA,0.125,NA,0.125,68.5,1,NA,NA,0.125
2011,5,7,-36.84,0.875,968.99,1,NA,0.125,NA,0.125,68.7,1,NA,NA,0.125
2011,5,8,-25.72,0.75,971.82,1,NA,0.625,224.88,1,78.34,1,NA,NA,0.625
2011,5,9,NA,0.625,969.72,1,NA,0.625,208.62,1,80.46,1,NA,NA,0.625
2011,5,10,NA,0.5,980.16,1,NA,0.5,213.75,1,81.2,1,NA,NA,0.5
2011,5,11,-23.56,0.875,986.99,1,8.85,0.75,213.62,1,77.95,1,8.39,213.9,0.75
2011,5,12,-28.38,1,986.11,1,4.18,1,168.62,1,73.33,1,3.48,195.72,1
2011,5,13,NA,0.625,986.85,1,3.38,0.75,166.38,1,73.42,1,2.98,180.87,0.75
2011,5,14,-33.15,0.75,987.61,1,3.79,1,206.88,1,69.74,1,3.58,195.84,1
2011,5,15,-30.06,0.875,982.78,1,1.76,1,175.5,1,74.21,1,1.47,0.48,1
2011,5,16,-26.24,0.875,982.36,1,NA,0.5,NA,0.5,78.66,1,NA,NA,0.5
2011,5,17,-26.76,0.875,983.7,1,2.13,0.75,196.25,1,77.66,1,2.01,195.97,0.75
2011,5,18,-27.12,1,974.82,1,13.69,1,204.12,1,77.79,1,13.64,203.71,1
2011,5,19,-20.31,1,958.36,1,15.1,1,203.88,1,83.38,1,15.02,204.43,1
2011,5,20,-14.43,1,954.5,1,NA,0.5,199.38,1,89.7,1,NA,NA,0.5
2011,5,21,-15.03,1,958.76,1,12.55,1,192.38,1,89.39,1,12.46,192.37,1
2011,5,22,-21.23,1,962.4,1,15.57,0.875,190.5,1,83.25,1,15.56,189.71,0.875
2011,5,23,-24.76,1,967.26,1,NA,0.5,127.43,0.875,79.05,1,NA,NA,0.5
2011,5,24,-26.6,1,972.26,1,NA,0,NA,0,78.34,1,NA,NA,0
2011,5,25,-27.35,1,976.5,1,NA,0.5,201.25,1,77.92,1,NA,NA,0.5
2011,5,26,NA,0.625,969.4,1,7.21,1,220,1,79.34,1,7.05,219.98,1
2011,5,27,-30.15,1,971.59,1,3.29,1,202.75,1,74.51,1,2.97,200.91,1
2011,5,28,-34.73,0.875,986.6,1,1.91,0.875,238,0.875,69.5,1,1.09,195.09,0.875
2011,5,29,NA,0.625,984.49,1,3.66,0.875,228.25,1,71.66,1,3.51,214.68,0.875
2011,5,30,-30.55,0.75,979.59,1,6.06,0.875,227.12,1,76.55,1,5.41,216.57,0.875
2011,5,31,-23.22,0.75,981.39,1,6.37,0.75,209,1,81.88,1,6.1,209.11,0.75
2011,6,1,-23.7,0.75,981.51,1,9.93,0.875,193.62,1,80.76,1,9.6,191.53,0.875
2011,6,2,-27.85,1,981.72,1,9.13,0.875,190,1,77.12,1,8.92,189.43,0.875
2011,6,3,-27.07,0.75,977.82,1,7.28,0.75,209.5,1,77.51,1,7.19,211.71,0.75
2011,6,4,-23.4,1,981.4,1,7.51,0.875,216.38,1,81.78,1,7.5,217.3,0.875
2011,6,5,-20.2,1,980.39,1,7.95,1,230.88,1,84.81,1,7.64,226.33,1
2011,6,6,-22.53,0.875,975.81,1,6.8,1,331.12,1,82.22,1,6.45,332.46,1
2011,6,7,NA,0.5,978.14,1,9.5,0.75,201.75,1,76.14,1,9.38,207.23,0.75
2011,6,8,NA,0.625,968.69,1,NA,0.625,218.75,1,87.44,1,NA,NA,0.625
2011,6,9,-17.58,1,969.39,1,9.93,0.875,195.5,1,87.34,1,9.77,193.84,0.875
2011,6,10,-19.1,1,980.94,1,10.7,1,199.62,1,85.84,1,10.52,199.76,1
2011,6,11,-18.69,1,981.46,1,16.1,1,198.62,1,86.4,1,16.02,198.46,1
2011,6,12,-18.62,1,977.49,1,16.66,1,190.5,1,85.91,1,16.63,190.58,1
2011,6,13,-19.84,1,976.68,1,10.73,0.875,202.25,1,84.41,1,10.59,201.24,0.875
2011,6,14,NA,0.375,981.24,1,8.12,0.75,215.75,1,82.28,1,7.88,215.1,0.75
2011,6,15,NA,0.625,985.01,1,12.95,0.75,201.12,1,86.74,1,12.68,206.4,0.75
2011,6,16,-14.5,0.875,997.64,1,11.35,0.75,206.5,1,87.65,1,11.14,201.33,0.75
2011,6,17,-21.84,0.875,1001.01,1,5.22,0.75,169.12,1,76.97,1,4.02,184.91,0.75
2011,6,18,-23.04,1,1000.36,1,5.5,1,133.62,1,76.53,1,4.43,135.54,1
2011,6,19,-29.19,1,1006.02,1,NA,0.625,169.17,0.75,75.54,1,NA,NA,0.625
2011,6,20,-26.02,1,1006.28,1,NA,0.375,NA,0.375,78.83,1,NA,NA,0.375
2011,6,21,-28.17,0.75,990.85,1,2.8,1,144,1,75.75,1,2.1,172.4,1
2011,6,22,-36.89,1,989.54,1,3.44,1,171.88,1,67.56,1,2.42,176.28,1
2011,6,23,-35.42,1,998.05,1,3.67,1,232.62,1,68.25,1,2.96,230.32,1
2011,6,24,-38.69,0.875,1002.54,1,NA,0.25,NA,0.25,65.11,1,NA,NA,0.25
2011,6,25,NA,0.625,989.08,1,NA,0.25,NA,0.25,67.09,1,NA,NA,0.25
2011,6,26,NA,0.625,985.32,1,NA,0.625,224.14,0.875,61.42,1,NA,NA,0.625
2011,6,27,-32.91,0.875,981.1,1,4.29,1,262.25,1,71.61,1,3.74,268.34,1
2011,6,28,-35.11,1,986.91,1,7.06,1,204.88,1,68.89,1,6.89,204.39,1
2011,6,29,-40.27,0.875,990.29,1,3.45,1,238.25,1,63.17,1,2.97,219.31,1
2011,6,30,-43.47,0.75,985.29,1,3.64,1,204.12,1,59.64,1,3.46,204.64,1
2011,7,1,-44.54,0.875,980.62,1,3.48,1,216.25,1,57.5,1,3.16,208.32,1
2011,7,2,-40.64,0.875,972.46,1,4.11,0.875,213.88,1,62.94,1,4.03,210.64,0.875
2011,7,3,NA,0.625,963.51,1,7.98,0.75,199.88,1,79.75,1,6.99,218.11,0.75
2011,7,4,NA,0.25,979.89,1,3.25,1,107,1,70.21,1,1.94,93.6,1
2011,7,5,-31.31,0.875,973.5,1,3.21,1,133.38,1,73.01,1,2.57,3.56,1
2011,7,6,-37.89,0.875,974.25,1,0.95,1,123.25,1,66.1,1,0.6,148.11,1
2011,7,7,-37.13,0.875,986.24,1,1.07,0.75,160.17,0.75,67.17,1,0.33,68.88,0.75
2011,7,8,-24.77,0.75,985.34,1,3.74,1,232.88,1,78.7,1,3.07,214.74,1
2011,7,9,-26.23,1,986.85,1,3.24,1,202.38,1,78.86,1,3.06,201.4,1
2011,7,10,-28.99,0.875,994.71,1,4.22,1,196,1,75.03,1,4.09,192.29,1
2011,7,11,-31.88,0.75,986.02,1,6.8,1,213,1,74.14,1,6.74,211.96,1
2011,7,12,-31.36,0.875,974,1,3.59,0.875,260,1,72.97,1,3.02,238.08,0.875
2011,7,13,-32.93,0.75,984.89,1,NA,0.375,NA,0.375,71,1,NA,NA,0.375
2011,7,14,NA,0.5,983.79,1,7.93,0.75,230.12,1,84.1,1,7.73,225.03,0.75
2011,7,15,-24.89,0.875,981.81,1,8.03,0.875,119.75,1,80.04,1,4.88,151.98,0.875
2011,7,16,-22.31,1,978.38,1,17.67,0.875,203.88,1,82.74,1,17.63,204.6,0.875
2011,7,17,-15.82,1,968.58,1,18.29,0.875,212.88,1,88.46,1,18.18,209.97,0.875
2011,7,18,-15.94,0.875,975.04,1,5.8,1,171.75,1,88.6,1,5.56,174.15,1
2011,7,19,-17.64,0.875,982.99,1,NA,0.25,NA,0.5,86.69,1,NA,NA,0.25
2011,7,20,-15.07,1,986.09,1,13.78,1,199.5,1,89.16,1,13.75,199.25,1
2011,7,21,-20.08,1,992.76,1,12.25,1,183.62,1,84.39,1,12.18,184.12,1
2011,7,22,-22.46,0.875,995.88,1,NA,0.375,NA,0.625,81.97,1,NA,NA,0.375
2011,7,23,-25.15,0.75,986.32,1,NA,0.5,164.25,1,76.46,1,NA,NA,0.5
2011,7,24,-25.9,1,994.8,1,11.07,0.875,198.12,1,79.17,1,11.04,198.4,0.875
2011,7,25,-25.84,1,996.82,1,13.98,1,194.25,1,78.65,1,13.94,194.23,1
2011,7,26,-26.9,1,986.11,1,12.3,1,197.88,1,76.72,1,12.17,198.43,1
2011,7,27,NA,0.625,965.52,1,NA,0.625,216.88,1,86.66,1,NA,NA,0.625
2011,7,28,-17.94,1,983.08,1,14.2,1,206.62,1,86.71,1,14.17,206.63,1
2011,7,29,-17.63,0.875,995.32,1,10.33,0.75,230.5,1,85.3,1,10.08,216.74,0.75
2011,7,30,-21.94,1,1003.01,1,NA,0.625,208.88,1,83.11,1,NA,NA,0.625
2011,7,31,-15.51,1,996.09,1,16.24,0.875,201.62,1,88.61,1,16.11,203.6,0.875
2011,8,1,-13.07,1,1007.04,1,14.01,1,189,1,90.61,1,13.99,188.88,1
2011,8,2,-18.2,0.875,1019.01,1,8.57,0.875,206.38,1,83.71,1,8.42,200.16,0.875
2011,8,3,-27.74,1,1020.04,1,NA,0.25,NA,0.25,76.45,1,NA,NA,0.25
2011,8,4,NA,0.625,1012.08,1,NA,0.25,NA,0.25,79.53,1,NA,NA,0.25
2011,8,5,NA,0.625,997.06,1,5.32,0.75,209.12,1,76.95,1,4.22,198.23,0.75
2011,8,6,NA,0.375,983.14,1,NA,0.25,NA,0.25,71.35,1,NA,NA,0.25
2011,8,7,-38.3,0.75,980.96,1,2.02,1,240.38,1,65.72,1,1.16,201.2,1
2011,8,8,-37.19,0.875,985.78,1,NA,0.625,198.83,0.75,67.11,1,NA,NA,0.625
2011,8,9,NA,0.5,991.36,1,1.65,0.75,245,0.75,68.8,1,1.01,326.89,0.75
2011,8,10,NA,0.625,1001.35,1,NA,0.5,NA,0.5,69.35,1,NA,NA,0.5
2011,8,11,NA,0.625,984.88,1,NA,0.5,NA,0.5,72.61,1,NA,NA,0.5
2011,8,12,-35.81,1,981.61,1,1.3,0.75,204.62,1,68.56,1,1.29,206.93,0.75
2011,8,13,-23.57,0.75,994.14,1,9.87,0.875,204.12,1,80.83,1,9.8,204.3,0.875
2011,8,14,-24.03,0.75,1001.28,1,7.4,0.875,200.88,1,75.49,1,7.16,199.16,0.875
2011,8,15,-33.96,1,996.01,1,2.3,1,181.12,1,70.91,1,1.87,164.98,1
2011,8,16,-33.9,1,992.14,1,3.36,1,228.25,1,70.71,1,1.35,202.88,1
2011,8,17,NA,0.375,989.76,1,NA,0.5,NA,0.625,71.36,1,NA,NA,0.5
2011,8,18,-32.92,0.75,989.51,1,NA,0.625,178.57,0.875,71.75,1,NA,NA,0.625
2011,8,19,-36.19,1,988.04,1,6.12,1,198.25,1,67.96,1,6.04,198.32,1
2011,8,20,-39.59,1,975.79,1,NA,0.25,NA,0.375,64.47,1,NA,NA,0.25
2011,8,21,-38.13,0.75,977.75,1,NA,0.375,NA,0.375,63.94,1,NA,NA,0.375
2011,8,22,NA,0.25,974.64,1,NA,0.125,NA,0.125,70,1,NA,NA,0.125
2011,8,23,NA,0.375,952.58,1,8.68,1,228,1,82.75,1,7.52,220.15,1
2011,8,24,-22.81,0.875,968.81,1,8.35,1,205.38,1,82.56,1,8.23,205.36,1
2011,8,25,-23.91,0.875,975.4,1,6.74,1,225,1,82.19,1,6.63,225.37,1
2011,8,26,-17.26,0.875,968.22,1,8.09,1,250.25,1,85.74,1,7.67,245.65,1
2011,8,27,-20.4,0.75,965.96,1,4.58,1,324.38,1,82.85,1,4.48,327.29,1
2011,8,28,-21.32,1,978.11,1,NA,0.625,NA,0.625,82.45,1,NA,NA,0.625
2011,8,29,-21.97,0.75,983.52,1,6.71,0.875,211,1,83.79,1,6.57,212.33,0.875
2011,8,30,NA,0.5,980.44,1,11.65,1,194,1,84.76,1,11.51,194.21,1
2011,8,31,-21.12,1,979.88,1,9.05,1,198.38,1,83.26,1,8.84,198.17,1
2011,9,1,-21.12,1,979.25,1,11.08,0.75,217.5,1,82.81,1,11.05,222.74,0.75
2011,9,2,-23.49,1,982.78,1,11.48,0.75,210.25,1,78.75,1,11.35,205.73,0.75
2011,9,3,-25.39,0.875,989.1,1,10.4,1,203.12,1,76.44,1,10.37,203.52,1
2011,9,4,-32.48,1,991.81,1,4.96,1,199.62,1,70.71,1,4.57,195.45,1
2011,9,5,-32.2,1,998.8,1,2.41,0.875,236.29,0.875,72.34,1,1.84,235.26,0.875
2011,9,6,NA,0.625,994.19,1,2.15,1,180.62,1,72.79,1,1.8,334.91,1
2011,9,7,-28.55,1,989.79,1,5.08,0.75,216.75,1,76.33,1,3.18,179.41,0.75
2011,9,8,-27.1,1,984.64,1,20.87,0.875,202.75,1,77.69,1,20.75,204.67,0.875
2011,9,9,-17.64,1,980.5,1,20.91,0.875,199.75,1,86.81,1,20.87,198.45,0.875
2011,9,10,-15.55,1,990.16,1,16.05,1,191.12,1,88.5,1,16.01,191.22,1
2011,9,11,-17.98,1,995.65,1,8.79,1,188.62,1,86.11,1,8.76,188.16,1
2011,9,12,-21,1,992.54,1,7.59,1,196.5,1,81.89,1,7.54,195.68,1
2011,9,13,-24.48,1,991.75,1,NA,0.25,NA,0.375,77.83,1,NA,NA,0.25
2011,9,14,-24.02,1,991.4,1,NA,0,NA,0,78.34,1,NA,NA,0
2011,9,15,-27.76,1,995.65,1,NA,0.25,NA,0.25,77.22,1,NA,NA,0.25
2011,9,16,-30.48,1,1001.84,1,3.49,1,148.12,1,72.08,1,2.94,142.14,1
2011,9,17,NA,0.625,1002.49,1,2.64,1,218.25,1,64.62,1,2.2,209.84,1
2011,9,18,NA,0.375,992.4,1,3.09,1,271.25,1,67.56,1,1.35,260.21,1
2011,9,19,-40.67,1,994.18,1,2.39,1,151.88,1,62.33,1,0.09,197.02,1
2011,9,20,NA,0.5,989.95,1,2.23,0.875,147.62,1,66.88,1,1.34,70.17,0.875
2011,9,21,NA,0.375,994.71,1,NA,0.625,136.12,1,56.84,1,NA,NA,0.625
2011,9,22,-41.87,0.75,985.85,1,NA,0.125,NA,0.125,63.84,1,NA,NA,0.125
2011,9,23,-39.27,0.75,987.04,1,NA,0.25,NA,0.5,61.76,1,NA,NA,0.25
2011,9,24,-48.19,0.875,993.18,1,9.74,0.875,200.25,1,55.25,1,9.34,193.72,0.875
2011,9,25,NA,0.625,977.65,1,NA,0,NA,0.125,63.62,1,NA,NA,0
2011,9,26,-34.4,0.875,974,1,NA,0.5,NA,0.5,70.04,1,NA,NA,0.5
2011,9,27,-25.17,0.75,973.6,1,5.07,0.75,212.43,0.875,80.7,1,4.18,217.12,0.75
2011,9,28,-27.73,1,981.14,1,4.04,0.875,216.75,1,76.12,1,3.88,221.21,0.875
2011,9,29,NA,0.5,988.96,1,NA,0.5,231.86,0.875,72.05,1,NA,NA,0.5
2011,9,30,-30.61,0.875,989.12,1,5.04,0.875,113.75,1,74.54,1,2.59,113.39,0.875
2011,10,1,-33.5,0.875,986.82,1,NA,0.5,NA,0.5,72.21,1,NA,NA,0.5
2011,10,2,-20.86,0.875,971.76,1,4.8,0.875,315.25,1,83.33,1,4.17,307.96,0.875
2011,10,3,NA,0.5,981.81,1,6.84,1,227.88,1,77.3,1,6.16,220.46,1
2011,10,4,-26.99,1,972.28,1,2.87,0.875,319.43,0.875,77.41,1,2.75,319.06,0.875
2011,10,5,NA,0.375,987.5,1,NA,0.25,250.43,0.875,81.42,1,NA,NA,0.25
2011,10,6,-14.09,1,994.02,1,11.05,1,197.88,1,89.9,1,10.95,198.04,1
2011,10,7,-16.98,0.75,998.04,1,7.33,0.875,207.75,1,85.55,1,7.12,190.11,0.875
2011,10,8,NA,0.625,990.05,1,4.32,1,162.75,1,78.74,1,1.8,173.04,1
2011,10,9,-26.55,0.75,989.22,1,2.81,1,231,1,76.46,1,1.84,256.45,1
2011,10,10,-21.77,0.875,982.08,1,3.83,0.75,113.75,1,81.12,1,3.53,81.17,0.75
2011,10,11,-23.15,1,980.54,1,7.2,0.875,199.25,1,79.06,1,6.98,193.2,0.875
2011,10,12,-22.9,0.75,974.08,1,8,0.75,212,1,80.95,1,7.83,209.19,0.75
2011,10,13,-23.34,1,968.56,1,9.37,0.875,219,1,74.46,1,9.25,215.24,0.875
2011,10,14,-27.13,0.75,966.48,1,NA,0.625,214.12,1,70.34,1,NA,NA,0.625
2011,10,15,-23.19,1,971.82,1,8.55,1,215.12,1,67.78,1,8.16,217.35,1
2011,10,16,-25.98,1,979.52,1,2.82,0.75,284.75,1,67.96,1,1.13,337.03,0.75
2011,10,17,NA,0.625,980.45,1,3.45,1,214,1,70.44,1,3.1,211.51,1
2011,10,18,NA,0.625,973.12,1,2.17,1,245.88,1,73.6,1,1.82,250.33,1
2011,10,19,NA,0.375,970.74,1,3.2,1,205.5,1,75.08,1,2.88,207.79,1
2011,10,20,-23.95,0.75,968.84,1,3.84,1,295.38,1,73.72,1,3.3,307.38,1
2011,10,21,NA,0.625,972.85,1,3.29,1,217.88,1,78.76,1,2.9,222.23,1
2011,10,22,-24.25,1,973.55,1,2.58,1,233.38,1,78.49,1,1.69,302.69,1
2011,10,23,-26.24,1,971.96,1,2.55,1,214.62,1,78.34,1,1.53,186.9,1
2011,10,24,-28.39,0.875,966.42,1,3.16,1,245.88,1,75.91,1,2.27,234.37,1
2011,10,25,-26.12,0.75,972.54,1,7.54,0.875,210.38,1,77.21,1,7.47,207.59,0.875
2011,10,26,-19.14,1,973.54,1,10.26,1,203.88,1,76.55,1,10.24,203.92,1
2011,10,27,-18.68,1,976.31,1,7.53,1,205.5,1,70,1,7.07,203.88,1
2011,10,28,-21.86,0.875,980.74,1,5.01,0.875,178.62,1,68.31,1,4.45,178.02,0.875
2011,10,29,NA,0.625,980.9,1,3.94,1,135.88,1,72.38,1,0.37,355.18,1
2011,10,30,-19.98,0.75,981.25,1,7.38,0.75,211.5,1,73.78,1,6.81,212.48,0.75
2011,10,31,-22.5,0.875,981.95,1,12,0.875,194.5,1,81.25,1,11.95,193.99,0.875
2011,11,1,-18.26,1,981.89,1,10.35,1,205,1,84.15,1,10.13,204.15,1
2011,11,2,-17.45,0.75,993.44,1,9.24,0.875,212.88,1,77.67,1,9.2,215.45,0.875
2011,11,3,NA,0.625,1007.82,1,7.22,0.75,217.12,1,73.3,1,6.82,211.6,0.75
2011,11,4,-19.05,0.75,1004.68,1,6.85,1,217.38,1,63.09,1,6.65,216.15,1
2011,11,5,-14.68,0.75,998.68,1,8.33,0.75,215.75,1,77.09,1,8.06,212.77,0.75
2011,11,6,-16.05,1,994.3,1,8.81,0.875,208.25,1,79.33,1,8.48,205.05,0.875
2011,11,7,-13.55,0.75,994.66,1,10.4,1,211.25,1,79.25,1,10.29,210.49,1
2011,11,8,-13.09,1,987.72,1,8.75,1,210.75,1,73.69,1,8.7,210.71,1
2011,11,9,-13.97,0.75,983.01,1,8.46,1,210.25,1,81.26,1,8.31,209.36,1
2011,11,10,-16.37,0.75,984.56,1,4.79,1,203.75,1,80.64,1,4.76,202.86,1
2011,11,11,-15.13,0.875,981.95,1,8.88,0.75,206.75,1,78.62,1,8.83,204.46,0.75
2011,11,12,-15.32,1,979.82,1,7.83,0.875,210.5,1,78.7,1,7.72,205.71,0.875
2011,11,13,-14.01,0.875,986.95,1,8.47,0.75,209.25,1,69.69,1,8.1,209.91,0.75
2011,11,14,-10.36,1,989.81,1,7.85,1,206.62,1,69.46,1,7.82,206.07,1
2011,11,15,-11.71,0.875,990.95,1,4.41,1,210.75,1,75.3,1,4.19,209.52,1
2011,11,16,NA,0.625,991.94,1,2.16,1,188.38,1,76.69,1,1.93,193,1
2011,11,17,-14.19,1,993.22,1,3.64,1,209.88,1,75.72,1,3.34,204.42,1
2011,11,18,-13.24,0.875,989.71,1,3.75,1,196.75,1,61.48,1,3.33,204.67,1
2011,11,19,-14.34,1,985.41,1,3.67,1,216.12,1,75.88,1,0.61,263.44,1
2011,11,20,-15.44,0.875,983.3,1,2.78,1,216.88,1,82.31,1,1.8,209.77,1
2011,11,21,-9.22,1,978.21,1,3.52,1,243.75,1,91.91,1,1.28,250.24,1
2011,11,22,-11.01,0.875,977.85,1,3.54,0.875,254.5,1,88.8,1,2.01,245.31,0.875
2011,11,23,-7.21,1,972.59,1,8.11,1,221.88,1,91.88,1,7.55,222.44,1
2011,11,24,-10.14,1,971.66,1,10.17,0.75,192.38,1,90.94,1,9.82,197.26,0.75
2011,11,25,-9.68,1,980.99,1,11.13,0.875,196.88,1,90.72,1,11.1,196.82,0.875
2011,11,26,-10.39,0.875,981.66,1,7.18,1,215,1,83.75,1,6.98,212.55,1
2011,11,27,-8.67,1,978.92,1,9.64,1,204.25,1,87.84,1,9.58,203.73,1
2011,11,28,-8.25,1,973.56,1,6.81,1,209.25,1,81.01,1,6.56,201.8,1
2011,11,29,NA,0.5,968.64,1,2.26,1,191.12,1,84.86,1,1.12,359.88,1
2011,11,30,-9.59,0.875,970.26,1,2.6,1,149.12,1,80.88,1,1.36,154.55,1
2011,12,1,NA,0.375,968.14,1,1.88,1,155,1,86.65,1,0.61,52.69,1
2011,12,2,NA,0.375,965.91,1,1.5,1,157.12,1,79.9,1,0.27,295.98,1
2011,12,3,-7.7,1,967.98,1,8.2,0.75,199.75,1,85.41,1,8.1,205.06,0.75
2011,12,4,-6.36,1,974.88,1,8.69,1,208.25,1,88.74,1,8.53,206.71,1
2011,12,5,-5.85,1,973.42,1,6.45,1,215.75,1,86.95,1,6.11,215.52,1
2011,12,6,-5.25,1,966.95,1,5.55,1,230.25,1,82.65,1,5.09,224.83,1
2011,12,7,-5.16,1,966.38,1,8.57,1,208.88,1,89.53,1,8.5,208.83,1
2011,12,8,-6.53,1,971.64,1,5.01,1,196,1,89.84,1,4.84,195.69,1
2011,12,9,-5.51,0.875,970.04,1,2.79,1,274.5,1,90.4,1,1.3,272.01,1
2011,12,10,-6.82,1,969.11,1,3.69,1,195.5,1,90.83,1,3.57,194.87,1
2011,12,11,NA,0.375,973.88,1,2.71,1,168.62,1,89.33,1,2.67,167.33,1
2011,12,12,NA,0.625,978.79,1,2.64,1,154.75,1,89.19,1,1.89,149.18,1
2011,12,13,-7.16,1,975.91,1,6.15,1,186.12,1,90.94,1,5.8,191.35,1
2011,12,14,-7.34,0.875,975.46,1,4.19,1,132.12,1,88,1,1.75,203.87,1
2011,12,15,-7.33,0.875,976.7,1,5,1,113.25,1,87.06,1,4.15,121.78,1
2011,12,16,-9.23,0.875,982.41,1,4.16,1,181.88,1,86.28,1,4.14,180.59,1
2011,12,17,NA,0.375,985.25,1,2.78,1,171,1,83.79,1,2.63,173.15,1
2011,12,18,-10.4,1,990.2,1,4.5,1,133.38,1,87.01,1,3.6,146.14,1
2011,12,19,NA,0.625,984.12,1,4.38,0.75,125.62,1,82.56,1,0.82,202.56,0.75
2011,12,20,-8.59,0.875,974.44,1,4.25,1,300.38,1,81.99,1,3.47,306.55,1
2011,12,21,-4.57,0.875,971.96,1,5.46,1,256.75,1,80.04,1,4.28,250.35,1
2011,12,22,-5.71,1,981.35,1,9.7,0.875,214.75,1,90.79,1,9.49,212.86,0.875
2011,12,23,NA,0.5,976.4,1,3.51,0.875,295.75,1,86.19,1,2.4,314.01,0.875
2011,12,24,NA,0.625,979.65,1,2.91,1,218.25,1,85.9,1,1.73,284.88,1
2011,12,25,NA,0.375,980.8,1,2.31,1,265.5,1,86.99,1,1.96,264.37,1
2011,12,26,NA,0.5,977.59,1,2.72,1,209.62,1,89.53,1,2.42,333.92,1
2011,12,27,-2.8,0.75,979.68,1,2.94,1,93.75,1,92,1,2.33,100.65,1
2011,12,28,-4.45,0.75,982.12,1,3.29,1,155.25,1,94.55,1,3.16,168.29,1
2011,12,29,-5.43,0.75,978.09,1,2.44,1,212.88,1,88.21,1,1.92,298.73,1
2011,12,30,-6,1,976.21,1,3.63,0.875,227.38,1,83.88,1,2.58,236.79,0.875
2011,12,31,NA,0.625,974.48,1,2.75,1,234.62,1,79.29,1,2.08,250.25,1
2012,1,1,NA,0,NA,0,NA,0,NA,0,NA,0,NA,NA,0
2012,1,2,NA,0,NA,0,NA,0,NA,0,NA,0,NA,NA,0
2012,1,3,NA,0,NA,0,NA,0,NA,0,NA,0,NA,NA,0
2012,1,4,NA,0,NA,0,NA,0,NA,0,NA,0,NA,NA,0
2012,1,5,NA,0,NA,0,NA,0,NA,0,NA,0,NA,NA,0
2012,1,6,NA,0,NA,0,NA,0,NA,0,NA,0,NA,NA,0
2012,1,7,NA,0,NA,0,NA,0,NA,0,NA,0,NA,NA,0
2012,1,8,NA,0,NA,0,NA,0,NA,0,NA,0,NA,NA,0
2012,1,9,NA,0,NA,0,NA,0,NA,0,NA,0,NA,NA,0
2012,1,10,NA,0,NA,0,NA,0,NA,0,NA,0,NA,NA,0
2012,1,11,NA,0,NA,0,NA,0,NA,0,NA,0,NA,NA,0
2012,1,12,NA,0,NA,0,NA,0,NA,0,NA,0,NA,NA,0
2012,1,13,NA,0,NA,0,NA,0,NA,0,NA,0,NA,NA,0
2012,1,14,NA,0,NA,0,NA,0,NA,0,NA,0,NA,NA,0
2012,1,15,NA,0,NA,0,NA,0,NA,0,NA,0,NA,NA,0
2012,1,16,NA,0,NA,0,NA,0,NA,0,NA,0,NA,NA,0
2012,1,17,NA,0,NA,0,NA,0,NA,0,NA,0,NA,NA,0
2012,1,18,NA,0,NA,0,NA,0,NA,0,NA,0,NA,NA,0
2012,1,19,NA,0,NA,0,NA,0,NA,0,NA,0,NA,NA,0
2012,1,20,NA,0,NA,0,NA,0,NA,0,NA,0,NA,NA,0
2012,1,21,NA,0,NA,0,NA,0,NA,0,NA,0,NA,NA,0
2012,1,22,NA,0,NA,0,NA,0,NA,0,NA,0,NA,NA,0
2012,1,23,NA,0,NA,0,NA,0,NA,0,NA,0,NA,NA,0
2012,1,24,NA,0,NA,0,NA,0,NA,0,NA,0,NA,NA,0
2012,1,25,NA,0,NA,0,NA,0,NA,0,NA,0,NA,NA,0
2012,1,26,NA,0,NA,0,NA,0,NA,0,NA,0,NA,NA,0
2012,1,27,NA,0,NA,0,NA,0,NA,0,NA,0,NA,NA,0
2012,1,28,NA,0,NA,0,NA,0,NA,0,NA,0,NA,NA,0
2012,1,29,NA,0,NA,0,NA,0,NA,0,NA,0,NA,NA,0
2012,1,30,NA,0,NA,0,NA,0,NA,0,NA,0,NA,NA,0
2012,1,31,NA,0,NA,0,NA,0,NA,0,NA,0,NA,NA,0
2012,2,1,NA,0,NA,0,NA,0,NA,0,NA,0,NA,NA,0
2012,2,2,NA,0,NA,0,NA,0,NA,0,NA,0,NA,NA,0
2012,2,3,NA,0,NA,0,NA,0,NA,0,NA,0,NA,NA,0
2012,2,4,NA,0,NA,0,NA,0,NA,0,NA,0,NA,NA,0
2012,2,5,NA,0,NA,0,NA,0,NA,0,NA,0,NA,NA,0
2012,2,6,NA,0,NA,0,NA,0,NA,0,NA,0,NA,NA,0
2012,2,7,NA,0,NA,0,NA,0,NA,0,NA,0,NA,NA,0
2012,2,8,NA,0,NA,0,NA,0,NA,0,NA,0,NA,NA,0
2012,2,9,NA,0,NA,0,NA,0,NA,0,NA,0,NA,NA,0
2012,2,10,NA,0,NA,0,NA,0,NA,0,NA,0,NA,NA,0
2012,2,11,NA,0,NA,0,NA,0,NA,0,NA,0,NA,NA,0
2012,2,12,NA,0,NA,0,NA,0,NA,0,NA,0,NA,NA,0
2012,2,13,NA,0,NA,0,NA,0,NA,0,NA,0,NA,NA,0
2012,2,14,NA,0,NA,0,NA,0,NA,0,NA,0,NA,NA,0
2012,2,15,NA,0,NA,0,NA,0,NA,0,NA,0,NA,NA,0
2012,2,16,NA,0,NA,0,NA,0,NA,0,NA,0,NA,NA,0
2012,2,17,NA,0,NA,0,NA,0,NA,0,NA,0,NA,NA,0
2012,2,18,NA,0,NA,0,NA,0,NA,0,NA,0,NA,NA,0
2012,2,19,NA,0,NA,0,NA,0,NA,0,NA,0,NA,NA,0
2012,2,20,NA,0,NA,0,NA,0,NA,0,NA,0,NA,NA,0
2012,2,21,NA,0,NA,0,NA,0,NA,0,NA,0,NA,NA,0
2012,2,22,NA,0,NA,0,NA,0,NA,0,NA,0,NA,NA,0
2012,2,23,NA,0,NA,0,NA,0,NA,0,NA,0,NA,NA,0
2012,2,24,NA,0,NA,0,NA,0,NA,0,NA,0,NA,NA,0
2012,2,25,NA,0,NA,0,NA,0,NA,0,NA,0,NA,NA,0
2012,2,26,NA,0,NA,0,NA,0,NA,0,NA,0,NA,NA,0
2012,2,27,NA,0,NA,0,NA,0,NA,0,NA,0,NA,NA,0
2012,2,28,NA,0,NA,0,NA,0,NA,0,NA,0,NA,NA,0
2012,2,29,NA,0,NA,0,NA,0,NA,0,NA,0,NA,NA,0
2012,3,1,NA,0,NA,0,NA,0,NA,0,NA,0,NA,NA,0
2012,3,2,NA,0,NA,0,NA,0,NA,0,NA,0,NA,NA,0
2012,3,3,NA,0,NA,0,NA,0,NA,0,NA,0,NA,NA,0
2012,3,4,NA,0,NA,0,NA,0,NA,0,NA,0,NA,NA,0
2012,3,5,NA,0,NA,0,NA,0,NA,0,NA,0,NA,NA,0
2012,3,6,NA,0,NA,0,NA,0,NA,0,NA,0,NA,NA,0
2012,3,7,NA,0,NA,0,NA,0,NA,0,NA,0,NA,NA,0
2012,3,8,NA,0,NA,0,NA,0,NA,0,NA,0,NA,NA,0
2012,3,9,NA,0,NA,0,NA,0,NA,0,NA,0,NA,NA,0
2012,3,10,NA,0,NA,0,NA,0,NA,0,NA,0,NA,NA,0
2012,3,11,NA,0,NA,0,NA,0,NA,0,NA,0,NA,NA,0
2012,3,12,NA,0,NA,0,NA,0,NA,0,NA,0,NA,NA,0
2012,3,13,NA,0,NA,0,NA,0,NA,0,NA,0,NA,NA,0
2012,3,14,NA,0,NA,0,NA,0,NA,0,NA,0,NA,NA,0
2012,3,15,NA,0,NA,0,NA,0,NA,0,NA,0,NA,NA,0
2012,3,16,NA,0,NA,0,NA,0,NA,0,NA,0,NA,NA,0
2012,3,17,NA,0,NA,0,NA,0,NA,0,NA,0,NA,NA,0
2012,3,18,NA,0,NA,0,NA,0,NA,0,NA,0,NA,NA,0
2012,3,19,NA,0,NA,0,NA,0,NA,0,NA,0,NA,NA,0
2012,3,20,NA,0,NA,0,NA,0,NA,0,NA,0,NA,NA,0
2012,3,21,NA,0,NA,0,NA,0,NA,0,NA,0,NA,NA,0
2012,3,22,NA,0,NA,0,NA,0,NA,0,NA,0,NA,NA,0
2012,3,23,NA,0,NA,0,NA,0,NA,0,NA,0,NA,NA,0
2012,3,24,NA,0,NA,0,NA,0,NA,0,NA,0,NA,NA,0
2012,3,25,NA,0,NA,0,NA,0,NA,0,NA,0,NA,NA,0
2012,3,26,NA,0,NA,0,NA,0,NA,0,NA,0,NA,NA,0
2012,3,27,NA,0,NA,0,NA,0,NA,0,NA,0,NA,NA,0
2012,3,28,NA,0,NA,0,NA,0,NA,0,NA,0,NA,NA,0
2012,3,29,NA,0,NA,0,NA,0,NA,0,NA,0,NA,NA,0
2012,3,30,NA,0,NA,0,NA,0,NA,0,NA,0,NA,NA,0
2012,3,31,NA,0,NA,0,NA,0,NA,0,NA,0,NA,NA,0
2012,4,1,NA,0,NA,0,NA,0,NA,0,NA,0,NA,NA,0
2012,4,2,NA,0,NA,0,NA,0,NA,0,NA,0,NA,NA,0
2012,4,3,NA,0,NA,0,NA,0,NA,0,NA,0,NA,NA,0
2012,4,4,NA,0,NA,0,NA,0,NA,0,NA,0,NA,NA,0
2012,4,5,NA,0,NA,0,NA,0,NA,0,NA,0,NA,NA,0
2012,4,6,NA,0,NA,0,NA,0,NA,0,NA,0,NA,NA,0
2012,4,7,NA,0,NA,0,NA,0,NA,0,NA,0,NA,NA,0
2012,4,8,NA,0,NA,0,NA,0,NA,0,NA,0,NA,NA,0
2012,4,9,NA,0,NA,0,NA,0,NA,0,NA,0,NA,NA,0
2012,4,10,NA,0,NA,0,NA,0,NA,0,NA,0,NA,NA,0
2012,4,11,NA,0,NA,0,NA,0,NA,0,NA,0,NA,NA,0
2012,4,12,NA,0,NA,0,NA,0,NA,0,NA,0,NA,NA,0
2012,4,13,NA,0,NA,0,NA,0,NA,0,NA,0,NA,NA,0
2012,4,14,NA,0,NA,0,NA,0,NA,0,NA,0,NA,NA,0
2012,4,15,NA,0,NA,0,NA,0,NA,0,NA,0,NA,NA,0
2012,4,16,NA,0,NA,0,NA,0,NA,0,NA,0,NA,NA,0
2012,4,17,NA,0,NA,0,NA,0,NA,0,NA,0,NA,NA,0
2012,4,18,NA,0,NA,0,NA,0,NA,0,NA,0,NA,NA,0
2012,4,19,NA,0,NA,0,NA,0,NA,0,NA,0,NA,NA,0
2012,4,20,NA,0,NA,0,NA,0,NA,0,NA,0,NA,NA,0
2012,4,21,NA,0,NA,0,NA,0,NA,0,NA,0,NA,NA,0
2012,4,22,NA,0,NA,0,NA,0,NA,0,NA,0,NA,NA,0
2012,4,23,NA,0,NA,0,NA,0,NA,0,NA,0,NA,NA,0
2012,4,24,NA,0,NA,0,NA,0,NA,0,NA,0,NA,NA,0
2012,4,25,NA,0,NA,0,NA,0,NA,0,NA,0,NA,NA,0
2012,4,26,NA,0,NA,0,NA,0,NA,0,NA,0,NA,NA,0
2012,4,27,NA,0,NA,0,NA,0,NA,0,NA,0,NA,NA,0
2012,4,28,NA,0,NA,0,NA,0,NA,0,NA,0,NA,NA,0
2012,4,29,NA,0,NA,0,NA,0,NA,0,NA,0,NA,NA,0
2012,4,30,NA,0,NA,0,NA,0,NA,0,NA,0,NA,NA,0
2012,5,1,NA,0,NA,0,NA,0,NA,0,NA,0,NA,NA,0
2012,5,2,NA,0,NA,0,NA,0,NA,0,NA,0,NA,NA,0
2012,5,3,NA,0,NA,0,NA,0,NA,0,NA,0,NA,NA,0
2012,5,4,NA,0,NA,0,NA,0,NA,0,NA,0,NA,NA,0
2012,5,5,NA,0,NA,0,NA,0,NA,0,NA,0,NA,NA,0
2012,5,6,NA,0,NA,0,NA,0,NA,0,NA,0,NA,NA,0
2012,5,7,NA,0,NA,0,NA,0,NA,0,NA,0,NA,NA,0
2012,5,8,NA,0,NA,0,NA,0,NA,0,NA,0,NA,NA,0
2012,5,9,NA,0,NA,0,NA,0,NA,0,NA,0,NA,NA,0
2012,5,10,NA,0,NA,0,NA,0,NA,0,NA,0,NA,NA,0
2012,5,11,NA,0,NA,0,NA,0,NA,0,NA,0,NA,NA,0
2012,5,12,NA,0,NA,0,NA,0,NA,0,NA,0,NA,NA,0
2012,5,13,NA,0,NA,0,NA,0,NA,0,NA,0,NA,NA,0
2012,5,14,NA,0,NA,0,NA,0,NA,0,NA,0,NA,NA,0
2012,5,15,NA,0,NA,0,NA,0,NA,0,NA,0,NA,NA,0
2012,5,16,NA,0,NA,0,NA,0,NA,0,NA,0,NA,NA,0
2012,5,17,NA,0,NA,0,NA,0,NA,0,NA,0,NA,NA,0
2012,5,18,NA,0,NA,0,NA,0,NA,0,NA,0,NA,NA,0
2012,5,19,NA,0,NA,0,NA,0,NA,0,NA,0,NA,NA,0
2012,5,20,NA,0,NA,0,NA,0,NA,0,NA,0,NA,NA,0
2012,5,21,NA,0,NA,0,NA,0,NA,0,NA,0,NA,NA,0
2012,5,22,NA,0,NA,0,NA,0,NA,0,NA,0,NA,NA,0
2012,5,23,NA,0,NA,0,NA,0,NA,0,NA,0,NA,NA,0
2012,5,24,NA,0,NA,0,NA,0,NA,0,NA,0,NA,NA,0
2012,5,25,NA,0,NA,0,NA,0,NA,0,NA,0,NA,NA,0
2012,5,26,NA,0,NA,0,NA,0,NA,0,NA,0,NA,NA,0
2012,5,27,NA,0,NA,0,NA,0,NA,0,NA,0,NA,NA,0
2012,5,28,NA,0,NA,0,NA,0,NA,0,NA,0,NA,NA,0
2012,5,29,NA,0,NA,0,NA,0,NA,0,NA,0,NA,NA,0
2012,5,30,NA,0,NA,0,NA,0,NA,0,NA,0,NA,NA,0
2012,5,31,NA,0,NA,0,NA,0,NA,0,NA,0,NA,NA,0
2012,6,1,NA,0,NA,0,NA,0,NA,0,NA,0,NA,NA,0
2012,6,2,NA,0,NA,0,NA,0,NA,0,NA,0,NA,NA,0
2012,6,3,NA,0,NA,0,NA,0,NA,0,NA,0,NA,NA,0
2012,6,4,NA,0,NA,0,NA,0,NA,0,NA,0,NA,NA,0
2012,6,5,NA,0,NA,0,NA,0,NA,0,NA,0,NA,NA,0
2012,6,6,NA,0,NA,0,NA,0,NA,0,NA,0,NA,NA,0
2012,6,7,NA,0,NA,0,NA,0,NA,0,NA,0,NA,NA,0
2012,6,8,NA,0,NA,0,NA,0,NA,0,NA,0,NA,NA,0
2012,6,9,NA,0,NA,0,NA,0,NA,0,NA,0,NA,NA,0
2012,6,10,NA,0,NA,0,NA,0,NA,0,NA,0,NA,NA,0
2012,6,11,NA,0,NA,0,NA,0,NA,0,NA,0,NA,NA,0
2012,6,12,NA,0,NA,0,NA,0,NA,0,NA,0,NA,NA,0
2012,6,13,NA,0,NA,0,NA,0,NA,0,NA,0,NA,NA,0
2012,6,14,NA,0,NA,0,NA,0,NA,0,NA,0,NA,NA,0
2012,6,15,NA,0,NA,0,NA,0,NA,0,NA,0,NA,NA,0
2012,6,16,NA,0,NA,0,NA,0,NA,0,NA,0,NA,NA,0
2012,6,17,NA,0,NA,0,NA,0,NA,0,NA,0,NA,NA,0
2012,6,18,NA,0,NA,0,NA,0,NA,0,NA,0,NA,NA,0
2012,6,19,NA,0,NA,0,NA,0,NA,0,NA,0,NA,NA,0
2012,6,20,NA,0,NA,0,NA,0,NA,0,NA,0,NA,NA,0
2012,6,21,NA,0,NA,0,NA,0,NA,0,NA,0,NA,NA,0
2012,6,22,NA,0,NA,0,NA,0,NA,0,NA,0,NA,NA,0
2012,6,23,NA,0,NA,0,NA,0,NA,0,NA,0,NA,NA,0
2012,6,24,NA,0,NA,0,NA,0,NA,0,NA,0,NA,NA,0
2012,6,25,NA,0,NA,0,NA,0,NA,0,NA,0,NA,NA,0
2012,6,26,NA,0,NA,0,NA,0,NA,0,NA,0,NA,NA,0
2012,6,27,NA,0,NA,0,NA,0,NA,0,NA,0,NA,NA,0
2012,6,28,NA,0,NA,0,NA,0,NA,0,NA,0,NA,NA,0
2012,6,29,NA,0,NA,0,NA,0,NA,0,NA,0,NA,NA,0
2012,6,30,NA,0,NA,0,NA,0,NA,0,NA,0,NA,NA,0
2012,7,1,NA,0,NA,0,NA,0,NA,0,NA,0,NA,NA,0
2012,7,2,NA,0,NA,0,NA,0,NA,0,NA,0,NA,NA,0
2012,7,3,NA,0,NA,0,NA,0,NA,0,NA,0,NA,NA,0
2012,7,4,NA,0,NA,0,NA,0,NA,0,NA,0,NA,NA,0
2012,7,5,NA,0,NA,0,NA,0,NA,0,NA,0,NA,NA,0
2012,7,6,NA,0,NA,0,NA,0,NA,0,NA,0,NA,NA,0
2012,7,7,NA,0,NA,0,NA,0,NA,0,NA,0,NA,NA,0
2012,7,8,NA,0,NA,0,NA,0,NA,0,NA,0,NA,NA,0
2012,7,9,NA,0,NA,0,NA,0,NA,0,NA,0,NA,NA,0
2012,7,10,NA,0,NA,0,NA,0,NA,0,NA,0,NA,NA,0
2012,7,11,NA,0,NA,0,NA,0,NA,0,NA,0,NA,NA,0
2012,7,12,NA,0,NA,0,NA,0,NA,0,NA,0,NA,NA,0
2012,7,13,NA,0,NA,0,NA,0,NA,0,NA,0,NA,NA,0
2012,7,14,NA,0,NA,0,NA,0,NA,0,NA,0,NA,NA,0
2012,7,15,NA,0,NA,0,NA,0,NA,0,NA,0,NA,NA,0
2012,7,16,NA,0,NA,0,NA,0,NA,0,NA,0,NA,NA,0
2012,7,17,NA,0,NA,0,NA,0,NA,0,NA,0,NA,NA,0
2012,7,18,NA,0,NA,0,NA,0,NA,0,NA,0,NA,NA,0
2012,7,19,NA,0,NA,0,NA,0,NA,0,NA,0,NA,NA,0
2012,7,20,NA,0,NA,0,NA,0,NA,0,NA,0,NA,NA,0
2012,7,21,NA,0,NA,0,NA,0,NA,0,NA,0,NA,NA,0
2012,7,22,NA,0,NA,0,NA,0,NA,0,NA,0,NA,NA,0
2012,7,23,NA,0,NA,0,NA,0,NA,0,NA,0,NA,NA,0
2012,7,24,NA,0,NA,0,NA,0,NA,0,NA,0,NA,NA,0
2012,7,25,NA,0,NA,0,NA,0,NA,0,NA,0,NA,NA,0
2012,7,26,NA,0,NA,0,NA,0,NA,0,NA,0,NA,NA,0
2012,7,27,NA,0,NA,0,NA,0,NA,0,NA,0,NA,NA,0
2012,7,28,NA,0,NA,0,NA,0,NA,0,NA,0,NA,NA,0
2012,7,29,NA,0,NA,0,NA,0,NA,0,NA,0,NA,NA,0
2012,7,30,NA,0,NA,0,NA,0,NA,0,NA,0,NA,NA,0
2012,7,31,NA,0,NA,0,NA,0,NA,0,NA,0,NA,NA,0
2012,8,1,NA,0,NA,0,NA,0,NA,0,NA,0,NA,NA,0
2012,8,2,NA,0,NA,0,NA,0,NA,0,NA,0,NA,NA,0
2012,8,3,NA,0,NA,0,NA,0,NA,0,NA,0,NA,NA,0
2012,8,4,NA,0,NA,0,NA,0,NA,0,NA,0,NA,NA,0
2012,8,5,NA,0,NA,0,NA,0,NA,0,NA,0,NA,NA,0
2012,8,6,NA,0,NA,0,NA,0,NA,0,NA,0,NA,NA,0
2012,8,7,NA,0,NA,0,NA,0,NA,0,NA,0,NA,NA,0
2012,8,8,NA,0,NA,0,NA,0,NA,0,NA,0,NA,NA,0
2012,8,9,NA,0,NA,0,NA,0,NA,0,NA,0,NA,NA,0
2012,8,10,NA,0,NA,0,NA,0,NA,0,NA,0,NA,NA,0
2012,8,11,NA,0,NA,0,NA,0,NA,0,NA,0,NA,NA,0
2012,8,12,NA,0,NA,0,NA,0,NA,0,NA,0,NA,NA,0
2012,8,13,NA,0,NA,0,NA,0,NA,0,NA,0,NA,NA,0
2012,8,14,NA,0,NA,0,NA,0,NA,0,NA,0,NA,NA,0
2012,8,15,NA,0,NA,0,NA,0,NA,0,NA,0,NA,NA,0
2012,8,16,NA,0,NA,0,NA,0,NA,0,NA,0,NA,NA,0
2012,8,17,NA,0,NA,0,NA,0,NA,0,NA,0,NA,NA,0
2012,8,18,NA,0,NA,0,NA,0,NA,0,NA,0,NA,NA,0
2012,8,19,NA,0,NA,0,NA,0,NA,0,NA,0,NA,NA,0
2012,8,20,NA,0,NA,0,NA,0,NA,0,NA,0,NA,NA,0
2012,8,21,NA,0,NA,0,NA,0,NA,0,NA,0,NA,NA,0
2012,8,22,NA,0,NA,0,NA,0,NA,0,NA,0,NA,NA,0
2012,8,23,NA,0,NA,0,NA,0,NA,0,NA,0,NA,NA,0
2012,8,24,NA,0,NA,0,NA,0,NA,0,NA,0,NA,NA,0
2012,8,25,NA,0,NA,0,NA,0,NA,0,NA,0,NA,NA,0
2012,8,26,NA,0,NA,0,NA,0,NA,0,NA,0,NA,NA,0
2012,8,27,NA,0,NA,0,NA,0,NA,0,NA,0,NA,NA,0
2012,8,28,NA,0,NA,0,NA,0,NA,0,NA,0,NA,NA,0
2012,8,29,NA,0,NA,0,NA,0,NA,0,NA,0,NA,NA,0
2012,8,30,NA,0,NA,0,NA,0,NA,0,NA,0,NA,NA,0
2012,8,31,NA,0,NA,0,NA,0,NA,0,NA,0,NA,NA,0
2012,9,1,NA,0,NA,0,NA,0,NA,0,NA,0,NA,NA,0
2012,9,2,NA,0,NA,0,NA,0,NA,0,NA,0,NA,NA,0
2012,9,3,NA,0,NA,0,NA,0,NA,0,NA,0,NA,NA,0
2012,9,4,NA,0,NA,0,NA,0,NA,0,NA,0,NA,NA,0
2012,9,5,NA,0,NA,0,NA,0,NA,0,NA,0,NA,NA,0
2012,9,6,NA,0,NA,0,NA,0,NA,0,NA,0,NA,NA,0
2012,9,7,NA,0,NA,0,NA,0,NA,0,NA,0,NA,NA,0
2012,9,8,NA,0,NA,0,NA,0,NA,0,NA,0,NA,NA,0
2012,9,9,NA,0,NA,0,NA,0,NA,0,NA,0,NA,NA,0
2012,9,10,NA,0,NA,0,NA,0,NA,0,NA,0,NA,NA,0
2012,9,11,NA,0,NA,0,NA,0,NA,0,NA,0,NA,NA,0
2012,9,12,NA,0,NA,0,NA,0,NA,0,NA,0,NA,NA,0
2012,9,13,NA,0,NA,0,NA,0,NA,0,NA,0,NA,NA,0
2012,9,14,NA,0,NA,0,NA,0,NA,0,NA,0,NA,NA,0
2012,9,15,NA,0,NA,0,NA,0,NA,0,NA,0,NA,NA,0
2012,9,16,NA,0,NA,0,NA,0,NA,0,NA,0,NA,NA,0
2012,9,17,NA,0,NA,0,NA,0,NA,0,NA,0,NA,NA,0
2012,9,18,NA,0,NA,0,NA,0,NA,0,NA,0,NA,NA,0
2012,9,19,NA,0,NA,0,NA,0,NA,0,NA,0,NA,NA,0
2012,9,20,NA,0,NA,0,NA,0,NA,0,NA,0,NA,NA,0
2012,9,21,NA,0,NA,0,NA,0,NA,0,NA,0,NA,NA,0
2012,9,22,NA,0,NA,0,NA,0,NA,0,NA,0,NA,NA,0
2012,9,23,NA,0,NA,0,NA,0,NA,0,NA,0,NA,NA,0
2012,9,24,NA,0,NA,0,NA,0,NA,0,NA,0,NA,NA,0
2012,9,25,NA,0,NA,0,NA,0,NA,0,NA,0,NA,NA,0
2012,9,26,NA,0,NA,0,NA,0,NA,0,NA,0,NA,NA,0
2012,9,27,NA,0,NA,0,NA,0,NA,0,NA,0,NA,NA,0
2012,9,28,NA,0,NA,0,NA,0,NA,0,NA,0,NA,NA,0
2012,9,29,NA,0,NA,0,NA,0,NA,0,NA,0,NA,NA,0
2012,9,30,NA,0,NA,0,NA,0,NA,0,NA,0,NA,NA,0
2012,10,1,NA,0,NA,0,NA,0,NA,0,NA,0,NA,NA,0
2012,10,2,NA,0,NA,0,NA,0,NA,0,NA,0,NA,NA,0
2012,10,3,NA,0,NA,0,NA,0,NA,0,NA,0,NA,NA,0
2012,10,4,NA,0,NA,0,NA,0,NA,0,NA,0,NA,NA,0
2012,10,5,NA,0,NA,0,NA,0,NA,0,NA,0,NA,NA,0
2012,10,6,NA,0,NA,0,NA,0,NA,0,NA,0,NA,NA,0
2012,10,7,NA,0,NA,0,NA,0,NA,0,NA,0,NA,NA,0
2012,10,8,NA,0,NA,0,NA,0,NA,0,NA,0,NA,NA,0
2012,10,9,NA,0,NA,0,NA,0,NA,0,NA,0,NA,NA,0
2012,10,10,NA,0,NA,0,NA,0,NA,0,NA,0,NA,NA,0
2012,10,11,NA,0,NA,0,NA,0,NA,0,NA,0,NA,NA,0
2012,10,12,NA,0,NA,0,NA,0,NA,0,NA,0,NA,NA,0
2012,10,13,NA,0,NA,0,NA,0,NA,0,NA,0,NA,NA,0
2012,10,14,NA,0,NA,0,NA,0,NA,0,NA,0,NA,NA,0
2012,10,15,NA,0,NA,0,NA,0,NA,0,NA,0,NA,NA,0
2012,10,16,NA,0,NA,0,NA,0,NA,0,NA,0,NA,NA,0
2012,10,17,NA,0,NA,0,NA,0,NA,0,NA,0,NA,NA,0
2012,10,18,NA,0,NA,0,NA,0,NA,0,NA,0,NA,NA,0
2012,10,19,NA,0,NA,0,NA,0,NA,0,NA,0,NA,NA,0
2012,10,20,NA,0,NA,0,NA,0,NA,0,NA,0,NA,NA,0
2012,10,21,NA,0,NA,0,NA,0,NA,0,NA,0,NA,NA,0
2012,10,22,NA,0,NA,0,NA,0,NA,0,NA,0,NA,NA,0
2012,10,23,NA,0,NA,0,NA,0,NA,0,NA,0,NA,NA,0
2012,10,24,NA,0,NA,0,NA,0,NA,0,NA,0,NA,NA,0
2012,10,25,NA,0,NA,0,NA,0,NA,0,NA,0,NA,NA,0
2012,10,26,NA,0,NA,0,NA,0,NA,0,NA,0,NA,NA,0
2012,10,27,NA,0,NA,0,NA,0,NA,0,NA,0,NA,NA,0
2012,10,28,NA,0,NA,0,NA,0,NA,0,NA,0,NA,NA,0
2012,10,29,NA,0,NA,0,NA,0,NA,0,NA,0,NA,NA,0
2012,10,30,NA,0,NA,0,NA,0,NA,0,NA,0,NA,NA,0
2012,10,31,NA,0,NA,0,NA,0,NA,0,NA,0,NA,NA,0
2012,11,1,NA,0,NA,0,NA,0,NA,0,NA,0,NA,NA,0
2012,11,2,NA,0,NA,0,NA,0,NA,0,NA,0,NA,NA,0
2012,11,3,NA,0,NA,0,NA,0,NA,0,NA,0,NA,NA,0
2012,11,4,NA,0,NA,0,NA,0,NA,0,NA,0,NA,NA,0
2012,11,5,NA,0,NA,0,NA,0,NA,0,NA,0,NA,NA,0
2012,11,6,NA,0,NA,0,NA,0,NA,0,NA,0,NA,NA,0
2012,11,7,NA,0,NA,0,NA,0,NA,0,NA,0,NA,NA,0
2012,11,8,NA,0,NA,0,NA,0,NA,0,NA,0,NA,NA,0
2012,11,9,NA,0,NA,0,NA,0,NA,0,NA,0,NA,NA,0
2012,11,10,NA,0,NA,0,NA,0,NA,0,NA,0,NA,NA,0
2012,11,11,NA,0,NA,0,NA,0,NA,0,NA,0,NA,NA,0
2012,11,12,NA,0,NA,0,NA,0,NA,0,NA,0,NA,NA,0
2012,11,13,NA,0,NA,0,NA,0,NA,0,NA,0,NA,NA,0
2012,11,14,NA,0,NA,0,NA,0,NA,0,NA,0,NA,NA,0
2012,11,15,NA,0,NA,0,NA,0,NA,0,NA,0,NA,NA,0
2012,11,16,NA,0,NA,0,NA,0,NA,0,NA,0,NA,NA,0
2012,11,17,NA,0,NA,0,NA,0,NA,0,NA,0,NA,NA,0
2012,11,18,NA,0,NA,0,NA,0,NA,0,NA,0,NA,NA,0
2012,11,19,NA,0,NA,0,NA,0,NA,0,NA,0,NA,NA,0
2012,11,20,NA,0,NA,0,NA,0,NA,0,NA,0,NA,NA,0
2012,11,21,NA,0,NA,0,NA,0,NA,0,NA,0,NA,NA,0
2012,11,22,NA,0,NA,0,NA,0,NA,0,NA,0,NA,NA,0
2012,11,23,NA,0,NA,0,NA,0,NA,0,NA,0,NA,NA,0
2012,11,24,NA,0,NA,0,NA,0,NA,0,NA,0,NA,NA,0
2012,11,25,NA,0,NA,0,NA,0,NA,0,NA,0,NA,NA,0
2012,11,26,NA,0,NA,0,NA,0,NA,0,NA,0,NA,NA,0
2012,11,27,NA,0,NA,0,NA,0,NA,0,NA,0,NA,NA,0
2012,11,28,NA,0,NA,0,NA,0,NA,0,NA,0,NA,NA,0
2012,11,29,NA,0,NA,0,NA,0,NA,0,NA,0,NA,NA,0
2012,11,30,NA,0,NA,0,NA,0,NA,0,NA,0,NA,NA,0
2012,12,1,NA,0,NA,0,NA,0,NA,0,NA,0,NA,NA,0
2012,12,2,NA,0,NA,0,NA,0,NA,0,NA,0,NA,NA,0
2012,12,3,NA,0,NA,0,NA,0,NA,0,NA,0,NA,NA,0
2012,12,4,NA,0,NA,0,NA,0,NA,0,NA,0,NA,NA,0
2012,12,5,NA,0,NA,0,NA,0,NA,0,NA,0,NA,NA,0
2012,12,6,NA,0,NA,0,NA,0,NA,0,NA,0,NA,NA,0
2012,12,7,NA,0,NA,0,NA,0,NA,0,NA,0,NA,NA,0
2012,12,8,NA,0,NA,0,NA,0,NA,0,NA,0,NA,NA,0
2012,12,9,NA,0,NA,0,NA,0,NA,0,NA,0,NA,NA,0
2012,12,10,NA,0,NA,0,NA,0,NA,0,NA,0,NA,NA,0
2012,12,11,NA,0,NA,0,NA,0,NA,0,NA,0,NA,NA,0
2012,12,12,NA,0,NA,0,NA,0,NA,0,NA,0,NA,NA,0
2012,12,13,NA,0,NA,0,NA,0,NA,0,NA,0,NA,NA,0
2012,12,14,NA,0,NA,0,NA,0,NA,0,NA,0,NA,NA,0
2012,12,15,NA,0,NA,0,NA,0,NA,0,NA,0,NA,NA,0
2012,12,16,NA,0,NA,0,NA,0,NA,0,NA,0,NA,NA,0
2012,12,17,NA,0,NA,0,NA,0,NA,0,NA,0,NA,NA,0
2012,12,18,NA,0,NA,0,NA,0,NA,0,NA,0,NA,NA,0
2012,12,19,NA,0,NA,0,NA,0,NA,0,NA,0,NA,NA,0
2012,12,20,NA,0,NA,0,NA,0,NA,0,NA,0,NA,NA,0
2012,12,21,NA,0,NA,0,NA,0,NA,0,NA,0,NA,NA,0
2012,12,22,NA,0,NA,0,NA,0,NA,0,NA,0,NA,NA,0
2012,12,23,NA,0,NA,0,NA,0,NA,0,NA,0,NA,NA,0
2012,12,24,NA,0,NA,0,NA,0,NA,0,NA,0,NA,NA,0
2012,12,25,NA,0,NA,0,NA,0,NA,0,NA,0,NA,NA,0
2012,12,26,NA,0,NA,0,NA,0,NA,0,NA,0,NA,NA,0
2012,12,27,NA,0,NA,0,NA,0,NA,0,NA,0,NA,NA,0
2012,12,28,NA,0,NA,0,NA,0,NA,0,NA,0,NA,NA,0
2012,12,29,NA,0,NA,0,NA,0,NA,0,NA,0,NA,NA,0
2012,12,30,NA,0,NA,0,NA,0,NA,0,NA,0,NA,NA,0
2012,12,31,NA,0,NA,0,NA,0,NA,0,NA,0,NA,NA,0
2013,1,1,NA,0,NA,0,NA,0,NA,0,NA,0,NA,NA,0
2013,1,2,NA,0,NA,0,NA,0,NA,0,NA,0,NA,NA,0
2013,1,3,NA,0,NA,0,NA,0,NA,0,NA,0,NA,NA,0
2013,1,4,NA,0,NA,0,NA,0,NA,0,NA,0,NA,NA,0
2013,1,5,NA,0,NA,0,NA,0,NA,0,NA,0,NA,NA,0
2013,1,6,NA,0,NA,0,NA,0,NA,0,NA,0,NA,NA,0
2013,1,7,NA,0,NA,0,NA,0,NA,0,NA,0,NA,NA,0
2013,1,8,NA,0,NA,0,NA,0,NA,0,NA,0,NA,NA,0
2013,1,9,NA,0,NA,0,NA,0,NA,0,NA,0,NA,NA,0
2013,1,10,NA,0,NA,0,NA,0,NA,0,NA,0,NA,NA,0
2013,1,11,NA,0,NA,0,NA,0,NA,0,NA,0,NA,NA,0
2013,1,12,NA,0,NA,0,NA,0,NA,0,NA,0,NA,NA,0
2013,1,13,NA,0,NA,0,NA,0,NA,0,NA,0,NA,NA,0
2013,1,14,NA,0,NA,0,NA,0,NA,0,NA,0,NA,NA,0
2013,1,15,NA,0,NA,0,NA,0,NA,0,NA,0,NA,NA,0
2013,1,16,NA,0,NA,0,NA,0,NA,0,NA,0,NA,NA,0
2013,1,17,NA,0,NA,0,NA,0,NA,0,NA,0,NA,NA,0
2013,1,18,NA,0,NA,0,NA,0,NA,0,NA,0,NA,NA,0
2013,1,19,NA,0,NA,0,NA,0,NA,0,NA,0,NA,NA,0
2013,1,20,NA,0,NA,0,NA,0,NA,0,NA,0,NA,NA,0
2013,1,21,NA,0,NA,0,NA,0,NA,0,NA,0,NA,NA,0
2013,1,22,NA,0,NA,0,NA,0,NA,0,NA,0,NA,NA,0
2013,1,23,NA,0,NA,0,NA,0,NA,0,NA,0,NA,NA,0
2013,1,24,NA,0,NA,0,NA,0,NA,0,NA,0,NA,NA,0
2013,1,25,NA,0,NA,0,NA,0,NA,0,NA,0,NA,NA,0
2013,1,26,NA,0,NA,0,NA,0,NA,0,NA,0,NA,NA,0
2013,1,27,NA,0,NA,0,NA,0,NA,0,NA,0,NA,NA,0
2013,1,28,NA,0,NA,0,NA,0,NA,0,NA,0,NA,NA,0
2013,1,29,NA,0,NA,0,NA,0,NA,0,NA,0,NA,NA,0
2013,1,30,NA,0,NA,0,NA,0,NA,0,NA,0,NA,NA,0
2013,1,31,NA,0,NA,0,NA,0,NA,0,NA,0,NA,NA,0
2013,2,1,NA,0,NA,0,NA,0,NA,0,NA,0,NA,NA,0
2013,2,2,NA,0,NA,0,NA,0,NA,0,NA,0,NA,NA,0
2013,2,3,NA,0,NA,0,NA,0,NA,0,NA,0,NA,NA,0
2013,2,4,NA,0,NA,0,NA,0,NA,0,NA,0,NA,NA,0
2013,2,5,NA,0,NA,0,NA,0,NA,0,NA,0,NA,NA,0
2013,2,6,NA,0,NA,0,NA,0,NA,0,NA,0,NA,NA,0
2013,2,7,NA,0,NA,0,NA,0,NA,0,NA,0,NA,NA,0
2013,2,8,NA,0,NA,0,NA,0,NA,0,NA,0,NA,NA,0
2013,2,9,NA,0,NA,0,NA,0,NA,0,NA,0,NA,NA,0
2013,2,10,NA,0,NA,0,NA,0,NA,0,NA,0,NA,NA,0
2013,2,11,NA,0,NA,0,NA,0,NA,0,NA,0,NA,NA,0
2013,2,12,NA,0,NA,0,NA,0,NA,0,NA,0,NA,NA,0
2013,2,13,NA,0,NA,0,NA,0,NA,0,NA,0,NA,NA,0
2013,2,14,NA,0,NA,0,NA,0,NA,0,NA,0,NA,NA,0
2013,2,15,NA,0,NA,0,NA,0,NA,0,NA,0,NA,NA,0
2013,2,16,NA,0,NA,0,NA,0,NA,0,NA,0,NA,NA,0
2013,2,17,NA,0,NA,0,NA,0,NA,0,NA,0,NA,NA,0
2013,2,18,NA,0,NA,0,NA,0,NA,0,NA,0,NA,NA,0
2013,2,19,NA,0,NA,0,NA,0,NA,0,NA,0,NA,NA,0
2013,2,20,NA,0,NA,0,NA,0,NA,0,NA,0,NA,NA,0
2013,2,21,NA,0,NA,0,NA,0,NA,0,NA,0,NA,NA,0
2013,2,22,NA,0,NA,0,NA,0,NA,0,NA,0,NA,NA,0
2013,2,23,NA,0,NA,0,NA,0,NA,0,NA,0,NA,NA,0
2013,2,24,NA,0,NA,0,NA,0,NA,0,NA,0,NA,NA,0
2013,2,25,NA,0,NA,0,NA,0,NA,0,NA,0,NA,NA,0
2013,2,26,NA,0,NA,0,NA,0,NA,0,NA,0,NA,NA,0
2013,2,27,NA,0,NA,0,NA,0,NA,0,NA,0,NA,NA,0
2013,2,28,NA,0,NA,0,NA,0,NA,0,NA,0,NA,NA,0
2013,3,1,NA,0,NA,0,NA,0,NA,0,NA,0,NA,NA,0
2013,3,2,NA,0,NA,0,NA,0,NA,0,NA,0,NA,NA,0
2013,3,3,NA,0,NA,0,NA,0,NA,0,NA,0,NA,NA,0
2013,3,4,NA,0,NA,0,NA,0,NA,0,NA,0,NA,NA,0
2013,3,5,NA,0,NA,0,NA,0,NA,0,NA,0,NA,NA,0
2013,3,6,NA,0,NA,0,NA,0,NA,0,NA,0,NA,NA,0
2013,3,7,NA,0,NA,0,NA,0,NA,0,NA,0,NA,NA,0
2013,3,8,NA,0,NA,0,NA,0,NA,0,NA,0,NA,NA,0
2013,3,9,NA,0,NA,0,NA,0,NA,0,NA,0,NA,NA,0
2013,3,10,NA,0,NA,0,NA,0,NA,0,NA,0,NA,NA,0
2013,3,11,NA,0,NA,0,NA,0,NA,0,NA,0,NA,NA,0
2013,3,12,NA,0,NA,0,NA,0,NA,0,NA,0,NA,NA,0
2013,3,13,NA,0,NA,0,NA,0,NA,0,NA,0,NA,NA,0
2013,3,14,NA,0,NA,0,NA,0,NA,0,NA,0,NA,NA,0
2013,3,15,NA,0,NA,0,NA,0,NA,0,NA,0,NA,NA,0
2013,3,16,NA,0,NA,0,NA,0,NA,0,NA,0,NA,NA,0
2013,3,17,NA,0,NA,0,NA,0,NA,0,NA,0,NA,NA,0
2013,3,18,NA,0,NA,0,NA,0,NA,0,NA,0,NA,NA,0
2013,3,19,NA,0,NA,0,NA,0,NA,0,NA,0,NA,NA,0
2013,3,20,NA,0,NA,0,NA,0,NA,0,NA,0,NA,NA,0
2013,3,21,NA,0,NA,0,NA,0,NA,0,NA,0,NA,NA,0
2013,3,22,NA,0,NA,0,NA,0,NA,0,NA,0,NA,NA,0
2013,3,23,NA,0,NA,0,NA,0,NA,0,NA,0,NA,NA,0
2013,3,24,NA,0,NA,0,NA,0,NA,0,NA,0,NA,NA,0
2013,3,25,NA,0,NA,0,NA,0,NA,0,NA,0,NA,NA,0
2013,3,26,NA,0,NA,0,NA,0,NA,0,NA,0,NA,NA,0
2013,3,27,NA,0,NA,0,NA,0,NA,0,NA,0,NA,NA,0
2013,3,28,NA,0,NA,0,NA,0,NA,0,NA,0,NA,NA,0
2013,3,29,NA,0,NA,0,NA,0,NA,0,NA,0,NA,NA,0
2013,3,30,NA,0,NA,0,NA,0,NA,0,NA,0,NA,NA,0
2013,3,31,NA,0,NA,0,NA,0,NA,0,NA,0,NA,NA,0
2013,4,1,NA,0,NA,0,NA,0,NA,0,NA,0,NA,NA,0
2013,4,2,NA,0,NA,0,NA,0,NA,0,NA,0,NA,NA,0
2013,4,3,NA,0,NA,0,NA,0,NA,0,NA,0,NA,NA,0
2013,4,4,NA,0,NA,0,NA,0,NA,0,NA,0,NA,NA,0
2013,4,5,NA,0,NA,0,NA,0,NA,0,NA,0,NA,NA,0
2013,4,6,NA,0,NA,0,NA,0,NA,0,NA,0,NA,NA,0
2013,4,7,NA,0,NA,0,NA,0,NA,0,NA,0,NA,NA,0
2013,4,8,NA,0,NA,0,NA,0,NA,0,NA,0,NA,NA,0
2013,4,9,NA,0,NA,0,NA,0,NA,0,NA,0,NA,NA,0
2013,4,10,NA,0,NA,0,NA,0,NA,0,NA,0,NA,NA,0
2013,4,11,NA,0,NA,0,NA,0,NA,0,NA,0,NA,NA,0
2013,4,12,NA,0,NA,0,NA,0,NA,0,NA,0,NA,NA,0
2013,4,13,NA,0,NA,0,NA,0,NA,0,NA,0,NA,NA,0
2013,4,14,NA,0,NA,0,NA,0,NA,0,NA,0,NA,NA,0
2013,4,15,NA,0,NA,0,NA,0,NA,0,NA,0,NA,NA,0
2013,4,16,NA,0,NA,0,NA,0,NA,0,NA,0,NA,NA,0
2013,4,17,NA,0,NA,0,NA,0,NA,0,NA,0,NA,NA,0
2013,4,18,NA,0,NA,0,NA,0,NA,0,NA,0,NA,NA,0
2013,4,19,NA,0,NA,0,NA,0,NA,0,NA,0,NA,NA,0
2013,4,20,NA,0,NA,0,NA,0,NA,0,NA,0,NA,NA,0
2013,4,21,NA,0,NA,0,NA,0,NA,0,NA,0,NA,NA,0
2013,4,22,NA,0,NA,0,NA,0,NA,0,NA,0,NA,NA,0
2013,4,23,NA,0,NA,0,NA,0,NA,0,NA,0,NA,NA,0
2013,4,24,NA,0,NA,0,NA,0,NA,0,NA,0,NA,NA,0
2013,4,25,NA,0,NA,0,NA,0,NA,0,NA,0,NA,NA,0
2013,4,26,NA,0,NA,0,NA,0,NA,0,NA,0,NA,NA,0
2013,4,27,NA,0,NA,0,NA,0,NA,0,NA,0,NA,NA,0
2013,4,28,NA,0,NA,0,NA,0,NA,0,NA,0,NA,NA,0
2013,4,29,NA,0,NA,0,NA,0,NA,0,NA,0,NA,NA,0
2013,4,30,NA,0,NA,0,NA,0,NA,0,NA,0,NA,NA,0
2013,5,1,NA,0,NA,0,NA,0,NA,0,NA,0,NA,NA,0
2013,5,2,NA,0,NA,0,NA,0,NA,0,NA,0,NA,NA,0
2013,5,3,NA,0,NA,0,NA,0,NA,0,NA,0,NA,NA,0
2013,5,4,NA,0,NA,0,NA,0,NA,0,NA,0,NA,NA,0
2013,5,5,NA,0,NA,0,NA,0,NA,0,NA,0,NA,NA,0
2013,5,6,NA,0,NA,0,NA,0,NA,0,NA,0,NA,NA,0
2013,5,7,NA,0,NA,0,NA,0,NA,0,NA,0,NA,NA,0
2013,5,8,NA,0,NA,0,NA,0,NA,0,NA,0,NA,NA,0
2013,5,9,NA,0,NA,0,NA,0,NA,0,NA,0,NA,NA,0
2013,5,10,NA,0,NA,0,NA,0,NA,0,NA,0,NA,NA,0
2013,5,11,NA,0,NA,0,NA,0,NA,0,NA,0,NA,NA,0
2013,5,12,NA,0,NA,0,NA,0,NA,0,NA,0,NA,NA,0
2013,5,13,NA,0,NA,0,NA,0,NA,0,NA,0,NA,NA,0
2013,5,14,NA,0,NA,0,NA,0,NA,0,NA,0,NA,NA,0
2013,5,15,NA,0,NA,0,NA,0,NA,0,NA,0,NA,NA,0
2013,5,16,NA,0,NA,0,NA,0,NA,0,NA,0,NA,NA,0
2013,5,17,NA,0,NA,0,NA,0,NA,0,NA,0,NA,NA,0
2013,5,18,NA,0,NA,0,NA,0,NA,0,NA,0,NA,NA,0
2013,5,19,NA,0,NA,0,NA,0,NA,0,NA,0,NA,NA,0
2013,5,20,NA,0,NA,0,NA,0,NA,0,NA,0,NA,NA,0
2013,5,21,NA,0,NA,0,NA,0,NA,0,NA,0,NA,NA,0
2013,5,22,NA,0,NA,0,NA,0,NA,0,NA,0,NA,NA,0
2013,5,23,NA,0,NA,0,NA,0,NA,0,NA,0,NA,NA,0
2013,5,24,NA,0,NA,0,NA,0,NA,0,NA,0,NA,NA,0
2013,5,25,NA,0,NA,0,NA,0,NA,0,NA,0,NA,NA,0
2013,5,26,NA,0,NA,0,NA,0,NA,0,NA,0,NA,NA,0
2013,5,27,NA,0,NA,0,NA,0,NA,0,NA,0,NA,NA,0
2013,5,28,NA,0,NA,0,NA,0,NA,0,NA,0,NA,NA,0
2013,5,29,NA,0,NA,0,NA,0,NA,0,NA,0,NA,NA,0
2013,5,30,NA,0,NA,0,NA,0,NA,0,NA,0,NA,NA,0
2013,5,31,NA,0,NA,0,NA,0,NA,0,NA,0,NA,NA,0
2013,6,1,NA,0,NA,0,NA,0,NA,0,NA,0,NA,NA,0
2013,6,2,NA,0,NA,0,NA,0,NA,0,NA,0,NA,NA,0
2013,6,3,NA,0,NA,0,NA,0,NA,0,NA,0,NA,NA,0
2013,6,4,NA,0,NA,0,NA,0,NA,0,NA,0,NA,NA,0
2013,6,5,NA,0,NA,0,NA,0,NA,0,NA,0,NA,NA,0
2013,6,6,NA,0,NA,0,NA,0,NA,0,NA,0,NA,NA,0
2013,6,7,NA,0,NA,0,NA,0,NA,0,NA,0,NA,NA,0
2013,6,8,NA,0,NA,0,NA,0,NA,0,NA,0,NA,NA,0
2013,6,9,NA,0,NA,0,NA,0,NA,0,NA,0,NA,NA,0
2013,6,10,NA,0,NA,0,NA,0,NA,0,NA,0,NA,NA,0
2013,6,11,NA,0,NA,0,NA,0,NA,0,NA,0,NA,NA,0
2013,6,12,NA,0,NA,0,NA,0,NA,0,NA,0,NA,NA,0
2013,6,13,NA,0,NA,0,NA,0,NA,0,NA,0,NA,NA,0
2013,6,14,NA,0,NA,0,NA,0,NA,0,NA,0,NA,NA,0
2013,6,15,NA,0,NA,0,NA,0,NA,0,NA,0,NA,NA,0
2013,6,16,NA,0,NA,0,NA,0,NA,0,NA,0,NA,NA,0
2013,6,17,NA,0,NA,0,NA,0,NA,0,NA,0,NA,NA,0
2013,6,18,NA,0,NA,0,NA,0,NA,0,NA,0,NA,NA,0
2013,6,19,NA,0,NA,0,NA,0,NA,0,NA,0,NA,NA,0
2013,6,20,NA,0,NA,0,NA,0,NA,0,NA,0,NA,NA,0
2013,6,21,NA,0,NA,0,NA,0,NA,0,NA,0,NA,NA,0
2013,6,22,NA,0,NA,0,NA,0,NA,0,NA,0,NA,NA,0
2013,6,23,NA,0,NA,0,NA,0,NA,0,NA,0,NA,NA,0
2013,6,24,NA,0,NA,0,NA,0,NA,0,NA,0,NA,NA,0
2013,6,25,NA,0,NA,0,NA,0,NA,0,NA,0,NA,NA,0
2013,6,26,NA,0,NA,0,NA,0,NA,0,NA,0,NA,NA,0
2013,6,27,NA,0,NA,0,NA,0,NA,0,NA,0,NA,NA,0
2013,6,28,NA,0,NA,0,NA,0,NA,0,NA,0,NA,NA,0
2013,6,29,NA,0,NA,0,NA,0,NA,0,NA,0,NA,NA,0
2013,6,30,NA,0,NA,0,NA,0,NA,0,NA,0,NA,NA,0
2013,7,1,NA,0,NA,0,NA,0,NA,0,NA,0,NA,NA,0
2013,7,2,NA,0,NA,0,NA,0,NA,0,NA,0,NA,NA,0
2013,7,3,NA,0,NA,0,NA,0,NA,0,NA,0,NA,NA,0
2013,7,4,NA,0,NA,0,NA,0,NA,0,NA,0,NA,NA,0
2013,7,5,NA,0,NA,0,NA,0,NA,0,NA,0,NA,NA,0
2013,7,6,NA,0,NA,0,NA,0,NA,0,NA,0,NA,NA,0
2013,7,7,NA,0,NA,0,NA,0,NA,0,NA,0,NA,NA,0
2013,7,8,NA,0,NA,0,NA,0,NA,0,NA,0,NA,NA,0
2013,7,9,NA,0,NA,0,NA,0,NA,0,NA,0,NA,NA,0
2013,7,10,NA,0,NA,0,NA,0,NA,0,NA,0,NA,NA,0
2013,7,11,NA,0,NA,0,NA,0,NA,0,NA,0,NA,NA,0
2013,7,12,NA,0,NA,0,NA,0,NA,0,NA,0,NA,NA,0
2013,7,13,NA,0,NA,0,NA,0,NA,0,NA,0,NA,NA,0
2013,7,14,NA,0,NA,0,NA,0,NA,0,NA,0,NA,NA,0
2013,7,15,NA,0,NA,0,NA,0,NA,0,NA,0,NA,NA,0
2013,7,16,NA,0,NA,0,NA,0,NA,0,NA,0,NA,NA,0
2013,7,17,NA,0,NA,0,NA,0,NA,0,NA,0,NA,NA,0
2013,7,18,NA,0,NA,0,NA,0,NA,0,NA,0,NA,NA,0
2013,7,19,NA,0,NA,0,NA,0,NA,0,NA,0,NA,NA,0
2013,7,20,NA,0,NA,0,NA,0,NA,0,NA,0,NA,NA,0
2013,7,21,NA,0,NA,0,NA,0,NA,0,NA,0,NA,NA,0
2013,7,22,NA,0,NA,0,NA,0,NA,0,NA,0,NA,NA,0
2013,7,23,NA,0,NA,0,NA,0,NA,0,NA,0,NA,NA,0
2013,7,24,NA,0,NA,0,NA,0,NA,0,NA,0,NA,NA,0
2013,7,25,NA,0,NA,0,NA,0,NA,0,NA,0,NA,NA,0
2013,7,26,NA,0,NA,0,NA,0,NA,0,NA,0,NA,NA,0
2013,7,27,NA,0,NA,0,NA,0,NA,0,NA,0,NA,NA,0
2013,7,28,NA,0,NA,0,NA,0,NA,0,NA,0,NA,NA,0
2013,7,29,NA,0,NA,0,NA,0,NA,0,NA,0,NA,NA,0
2013,7,30,NA,0,NA,0,NA,0,NA,0,NA,0,NA,NA,0
2013,7,31,NA,0,NA,0,NA,0,NA,0,NA,0,NA,NA,0
2013,8,1,NA,0,NA,0,NA,0,NA,0,NA,0,NA,NA,0
2013,8,2,NA,0,NA,0,NA,0,NA,0,NA,0,NA,NA,0
2013,8,3,NA,0,NA,0,NA,0,NA,0,NA,0,NA,NA,0
2013,8,4,NA,0,NA,0,NA,0,NA,0,NA,0,NA,NA,0
2013,8,5,NA,0,NA,0,NA,0,NA,0,NA,0,NA,NA,0
2013,8,6,NA,0,NA,0,NA,0,NA,0,NA,0,NA,NA,0
2013,8,7,NA,0,NA,0,NA,0,NA,0,NA,0,NA,NA,0
2013,8,8,NA,0,NA,0,NA,0,NA,0,NA,0,NA,NA,0
2013,8,9,NA,0,NA,0,NA,0,NA,0,NA,0,NA,NA,0
2013,8,10,NA,0,NA,0,NA,0,NA,0,NA,0,NA,NA,0
2013,8,11,NA,0,NA,0,NA,0,NA,0,NA,0,NA,NA,0
2013,8,12,NA,0,NA,0,NA,0,NA,0,NA,0,NA,NA,0
2013,8,13,NA,0,NA,0,NA,0,NA,0,NA,0,NA,NA,0
2013,8,14,NA,0,NA,0,NA,0,NA,0,NA,0,NA,NA,0
2013,8,15,NA,0,NA,0,NA,0,NA,0,NA,0,NA,NA,0
2013,8,16,NA,0,NA,0,NA,0,NA,0,NA,0,NA,NA,0
2013,8,17,NA,0,NA,0,NA,0,NA,0,NA,0,NA,NA,0
2013,8,18,NA,0,NA,0,NA,0,NA,0,NA,0,NA,NA,0
2013,8,19,NA,0,NA,0,NA,0,NA,0,NA,0,NA,NA,0
2013,8,20,NA,0,NA,0,NA,0,NA,0,NA,0,NA,NA,0
2013,8,21,NA,0,NA,0,NA,0,NA,0,NA,0,NA,NA,0
2013,8,22,NA,0,NA,0,NA,0,NA,0,NA,0,NA,NA,0
2013,8,23,NA,0,NA,0,NA,0,NA,0,NA,0,NA,NA,0
2013,8,24,NA,0,NA,0,NA,0,NA,0,NA,0,NA,NA,0
2013,8,25,NA,0,NA,0,NA,0,NA,0,NA,0,NA,NA,0
2013,8,26,NA,0,NA,0,NA,0,NA,0,NA,0,NA,NA,0
2013,8,27,NA,0,NA,0,NA,0,NA,0,NA,0,NA,NA,0
2013,8,28,NA,0,NA,0,NA,0,NA,0,NA,0,NA,NA,0
2013,8,29,NA,0,NA,0,NA,0,NA,0,NA,0,NA,NA,0
2013,8,30,NA,0,NA,0,NA,0,NA,0,NA,0,NA,NA,0
2013,8,31,NA,0,NA,0,NA,0,NA,0,NA,0,NA,NA,0
2013,9,1,NA,0,NA,0,NA,0,NA,0,NA,0,NA,NA,0
2013,9,2,NA,0,NA,0,NA,0,NA,0,NA,0,NA,NA,0
2013,9,3,NA,0,NA,0,NA,0,NA,0,NA,0,NA,NA,0
2013,9,4,NA,0,NA,0,NA,0,NA,0,NA,0,NA,NA,0
2013,9,5,NA,0,NA,0,NA,0,NA,0,NA,0,NA,NA,0
2013,9,6,NA,0,NA,0,NA,0,NA,0,NA,0,NA,NA,0
2013,9,7,NA,0,NA,0,NA,0,NA,0,NA,0,NA,NA,0
2013,9,8,NA,0,NA,0,NA,0,NA,0,NA,0,NA,NA,0
2013,9,9,NA,0,NA,0,NA,0,NA,0,NA,0,NA,NA,0
2013,9,10,NA,0,NA,0,NA,0,NA,0,NA,0,NA,NA,0
2013,9,11,NA,0,NA,0,NA,0,NA,0,NA,0,NA,NA,0
2013,9,12,NA,0,NA,0,NA,0,NA,0,NA,0,NA,NA,0
2013,9,13,NA,0,NA,0,NA,0,NA,0,NA,0,NA,NA,0
2013,9,14,NA,0,NA,0,NA,0,NA,0,NA,0,NA,NA,0
2013,9,15,NA,0,NA,0,NA,0,NA,0,NA,0,NA,NA,0
2013,9,16,NA,0,NA,0,NA,0,NA,0,NA,0,NA,NA,0
2013,9,17,NA,0,NA,0,NA,0,NA,0,NA,0,NA,NA,0
2013,9,18,NA,0,NA,0,NA,0,NA,0,NA,0,NA,NA,0
2013,9,19,NA,0,NA,0,NA,0,NA,0,NA,0,NA,NA,0
2013,9,20,NA,0,NA,0,NA,0,NA,0,NA,0,NA,NA,0
2013,9,21,NA,0,NA,0,NA,0,NA,0,NA,0,NA,NA,0
2013,9,22,NA,0,NA,0,NA,0,NA,0,NA,0,NA,NA,0
2013,9,23,NA,0,NA,0,NA,0,NA,0,NA,0,NA,NA,0
2013,9,24,NA,0,NA,0,NA,0,NA,0,NA,0,NA,NA,0
2013,9,25,NA,0,NA,0,NA,0,NA,0,NA,0,NA,NA,0
2013,9,26,NA,0,NA,0,NA,0,NA,0,NA,0,NA,NA,0
2013,9,27,NA,0,NA,0,NA,0,NA,0,NA,0,NA,NA,0
2013,9,28,NA,0,NA,0,NA,0,NA,0,NA,0,NA,NA,0
2013,9,29,NA,0,NA,0,NA,0,NA,0,NA,0,NA,NA,0
2013,9,30,NA,0,NA,0,NA,0,NA,0,NA,0,NA,NA,0
2013,10,1,NA,0,NA,0,NA,0,NA,0,NA,0,NA,NA,0
2013,10,2,NA,0,NA,0,NA,0,NA,0,NA,0,NA,NA,0
2013,10,3,NA,0,NA,0,NA,0,NA,0,NA,0,NA,NA,0
2013,10,4,NA,0,NA,0,NA,0,NA,0,NA,0,NA,NA,0
2013,10,5,NA,0,NA,0,NA,0,NA,0,NA,0,NA,NA,0
2013,10,6,NA,0,NA,0,NA,0,NA,0,NA,0,NA,NA,0
2013,10,7,NA,0,NA,0,NA,0,NA,0,NA,0,NA,NA,0
2013,10,8,NA,0,NA,0,NA,0,NA,0,NA,0,NA,NA,0
2013,10,9,NA,0,NA,0,NA,0,NA,0,NA,0,NA,NA,0
2013,10,10,NA,0,NA,0,NA,0,NA,0,NA,0,NA,NA,0
2013,10,11,NA,0,NA,0,NA,0,NA,0,NA,0,NA,NA,0
2013,10,12,NA,0,NA,0,NA,0,NA,0,NA,0,NA,NA,0
2013,10,13,NA,0,NA,0,NA,0,NA,0,NA,0,NA,NA,0
2013,10,14,NA,0,NA,0,NA,0,NA,0,NA,0,NA,NA,0
2013,10,15,NA,0,NA,0,NA,0,NA,0,NA,0,NA,NA,0
2013,10,16,NA,0,NA,0,NA,0,NA,0,NA,0,NA,NA,0
2013,10,17,NA,0,NA,0,NA,0,NA,0,NA,0,NA,NA,0
2013,10,18,NA,0,NA,0,NA,0,NA,0,NA,0,NA,NA,0
2013,10,19,NA,0,NA,0,NA,0,NA,0,NA,0,NA,NA,0
2013,10,20,NA,0,NA,0,NA,0,NA,0,NA,0,NA,NA,0
2013,10,21,NA,0,NA,0,NA,0,NA,0,NA,0,NA,NA,0
2013,10,22,NA,0,NA,0,NA,0,NA,0,NA,0,NA,NA,0
2013,10,23,NA,0,NA,0,NA,0,NA,0,NA,0,NA,NA,0
2013,10,24,NA,0,NA,0,NA,0,NA,0,NA,0,NA,NA,0
2013,10,25,NA,0,NA,0,NA,0,NA,0,NA,0,NA,NA,0
2013,10,26,NA,0,NA,0,NA,0,NA,0,NA,0,NA,NA,0
2013,10,27,NA,0,NA,0,NA,0,NA,0,NA,0,NA,NA,0
2013,10,28,NA,0,NA,0,NA,0,NA,0,NA,0,NA,NA,0
2013,10,29,NA,0,NA,0,NA,0,NA,0,NA,0,NA,NA,0
2013,10,30,NA,0,NA,0,NA,0,NA,0,NA,0,NA,NA,0
2013,10,31,NA,0,NA,0,NA,0,NA,0,NA,0,NA,NA,0
2013,11,1,NA,0,NA,0,NA,0,NA,0,NA,0,NA,NA,0
2013,11,2,NA,0,NA,0,NA,0,NA,0,NA,0,NA,NA,0
2013,11,3,NA,0,NA,0,NA,0,NA,0,NA,0,NA,NA,0
2013,11,4,NA,0,NA,0,NA,0,NA,0,NA,0,NA,NA,0
2013,11,5,NA,0,NA,0,NA,0,NA,0,NA,0,NA,NA,0
2013,11,6,NA,0,NA,0,NA,0,NA,0,NA,0,NA,NA,0
2013,11,7,NA,0,NA,0,NA,0,NA,0,NA,0,NA,NA,0
2013,11,8,NA,0,NA,0,NA,0,NA,0,NA,0,NA,NA,0
2013,11,9,NA,0,NA,0,NA,0,NA,0,NA,0,NA,NA,0
2013,11,10,NA,0,NA,0,NA,0,NA,0,NA,0,NA,NA,0
2013,11,11,NA,0,NA,0,NA,0,NA,0,NA,0,NA,NA,0
2013,11,12,NA,0,NA,0,NA,0,NA,0,NA,0,NA,NA,0
2013,11,13,NA,0,NA,0,NA,0,NA,0,NA,0,NA,NA,0
2013,11,14,NA,0,NA,0,NA,0,NA,0,NA,0,NA,NA,0
2013,11,15,NA,0,NA,0,NA,0,NA,0,NA,0,NA,NA,0
2013,11,16,NA,0,NA,0,NA,0,NA,0,NA,0,NA,NA,0
2013,11,17,NA,0,NA,0,NA,0,NA,0,NA,0,NA,NA,0
2013,11,18,NA,0,NA,0,NA,0,NA,0,NA,0,NA,NA,0
2013,11,19,NA,0,NA,0,NA,0,NA,0,NA,0,NA,NA,0
2013,11,20,NA,0,NA,0,NA,0,NA,0,NA,0,NA,NA,0
2013,11,21,NA,0,NA,0,NA,0,NA,0,NA,0,NA,NA,0
2013,11,22,NA,0,NA,0,NA,0,NA,0,NA,0,NA,NA,0
2013,11,23,NA,0,NA,0,NA,0,NA,0,NA,0,NA,NA,0
2013,11,24,NA,0,NA,0,NA,0,NA,0,NA,0,NA,NA,0
2013,11,25,NA,0,NA,0,NA,0,NA,0,NA,0,NA,NA,0
2013,11,26,NA,0,NA,0,NA,0,NA,0,NA,0,NA,NA,0
2013,11,27,NA,0,NA,0,NA,0,NA,0,NA,0,NA,NA,0
2013,11,28,NA,0,NA,0,NA,0,NA,0,NA,0,NA,NA,0
2013,11,29,NA,0,NA,0,NA,0,NA,0,NA,0,NA,NA,0
2013,11,30,NA,0,NA,0,NA,0,NA,0,NA,0,NA,NA,0
2013,12,1,NA,0,NA,0,NA,0,NA,0,NA,0,NA,NA,0
2013,12,2,NA,0,NA,0,NA,0,NA,0,NA,0,NA,NA,0
2013,12,3,NA,0,NA,0,NA,0,NA,0,NA,0,NA,NA,0
2013,12,4,NA,0,NA,0,NA,0,NA,0,NA,0,NA,NA,0
2013,12,5,NA,0,NA,0,NA,0,NA,0,NA,0,NA,NA,0
2013,12,6,NA,0,NA,0,NA,0,NA,0,NA,0,NA,NA,0
2013,12,7,NA,0,NA,0,NA,0,NA,0,NA,0,NA,NA,0
2013,12,8,NA,0,NA,0,NA,0,NA,0,NA,0,NA,NA,0
2013,12,9,NA,0,NA,0,NA,0,NA,0,NA,0,NA,NA,0
2013,12,10,NA,0,NA,0,NA,0,NA,0,NA,0,NA,NA,0
2013,12,11,NA,0,NA,0,NA,0,NA,0,NA,0,NA,NA,0
2013,12,12,NA,0,NA,0,NA,0,NA,0,NA,0,NA,NA,0
2013,12,13,NA,0,NA,0,NA,0,NA,0,NA,0,NA,NA,0
2013,12,14,NA,0,NA,0,NA,0,NA,0,NA,0,NA,NA,0
2013,12,15,NA,0,NA,0,NA,0,NA,0,NA,0,NA,NA,0
2013,12,16,NA,0,NA,0,NA,0,NA,0,NA,0,NA,NA,0
2013,12,17,NA,0,NA,0,NA,0,NA,0,NA,0,NA,NA,0
2013,12,18,NA,0,NA,0,NA,0,NA,0,NA,0,NA,NA,0
2013,12,19,NA,0,NA,0,NA,0,NA,0,NA,0,NA,NA,0
2013,12,20,NA,0,NA,0,NA,0,NA,0,NA,0,NA,NA,0
2013,12,21,NA,0,NA,0,NA,0,NA,0,NA,0,NA,NA,0
2013,12,22,NA,0,NA,0,NA,0,NA,0,NA,0,NA,NA,0
2013,12,23,NA,0,NA,0,NA,0,NA,0,NA,0,NA,NA,0
2013,12,24,NA,0,NA,0,NA,0,NA,0,NA,0,NA,NA,0
2013,12,25,NA,0,NA,0,NA,0,NA,0,NA,0,NA,NA,0
2013,12,26,NA,0,NA,0,NA,0,NA,0,NA,0,NA,NA,0
2013,12,27,NA,0,NA,0,NA,0,NA,0,NA,0,NA,NA,0
2013,12,28,NA,0,NA,0,NA,0,NA,0,NA,0,NA,NA,0
2013,12,29,NA,0,NA,0,NA,0,NA,0,NA,0,NA,NA,0
2013,12,30,NA,0,NA,0,NA,0,NA,0,NA,0,NA,NA,0
2013,12,31,NA,0,NA,0,NA,0,NA,0,NA,0,NA,NA,0
2014,1,1,NA,0,NA,0,NA,0,NA,0,NA,0,NA,NA,0
2014,1,2,NA,0,NA,0,NA,0,NA,0,NA,0,NA,NA,0
2014,1,3,NA,0,NA,0,NA,0,NA,0,NA,0,NA,NA,0
2014,1,4,NA,0,NA,0,NA,0,NA,0,NA,0,NA,NA,0
2014,1,5,NA,0,NA,0,NA,0,NA,0,NA,0,NA,NA,0
2014,1,6,NA,0,NA,0,NA,0,NA,0,NA,0,NA,NA,0
2014,1,7,NA,0,NA,0,NA,0,NA,0,NA,0,NA,NA,0
2014,1,8,NA,0,NA,0,NA,0,NA,0,NA,0,NA,NA,0
2014,1,9,NA,0,NA,0,NA,0,NA,0,NA,0,NA,NA,0
2014,1,10,NA,0,NA,0,NA,0,NA,0,NA,0,NA,NA,0
2014,1,11,NA,0,NA,0,NA,0,NA,0,NA,0,NA,NA,0
2014,1,12,NA,0,NA,0,NA,0,NA,0,NA,0,NA,NA,0
2014,1,13,NA,0,NA,0,NA,0,NA,0,NA,0,NA,NA,0
2014,1,14,NA,0,NA,0,NA,0,NA,0,NA,0,NA,NA,0
2014,1,15,NA,0,NA,0,NA,0,NA,0,NA,0,NA,NA,0
2014,1,16,NA,0,NA,0,NA,0,NA,0,NA,0,NA,NA,0
2014,1,17,NA,0,NA,0,NA,0,NA,0,NA,0,NA,NA,0
2014,1,18,NA,0,NA,0,NA,0,NA,0,NA,0,NA,NA,0
2014,1,19,NA,0,NA,0,NA,0,NA,0,NA,0,NA,NA,0
2014,1,20,NA,0,NA,0,NA,0,NA,0,NA,0,NA,NA,0
2014,1,21,NA,0,NA,0,NA,0,NA,0,NA,0,NA,NA,0
2014,1,22,NA,0,NA,0,NA,0,NA,0,NA,0,NA,NA,0
2014,1,23,NA,0,NA,0,NA,0,NA,0,NA,0,NA,NA,0
2014,1,24,NA,0,NA,0,NA,0,NA,0,NA,0,NA,NA,0
2014,1,25,NA,0,NA,0,NA,0,NA,0,NA,0,NA,NA,0
2014,1,26,NA,0,NA,0,NA,0,NA,0,NA,0,NA,NA,0
2014,1,27,NA,0,NA,0,NA,0,NA,0,NA,0,NA,NA,0
2014,1,28,NA,0.5,NA,0.5,NA,0.5,NA,0.5,NA,0.5,NA,NA,0.5
2014,1,29,-10.9,1,980.05,1,7.46,1,198.5,1,90.29,1,7.23,196.15,1
2014,1,30,-11.14,0.875,983.34,0.875,7.04,0.875,191.29,0.875,90.07,0.875,7.01,191.31,0.875
2014,1,31,NA,0,NA,0,NA,0,NA,0,NA,0,NA,NA,0
2014,2,1,NA,0,NA,0,NA,0,NA,0,NA,0,NA,NA,0
2014,2,2,NA,0,NA,0,NA,0,NA,0,NA,0,NA,NA,0
2014,2,3,NA,0,NA,0,NA,0,NA,0,NA,0,NA,NA,0
2014,2,4,NA,0,NA,0,NA,0,NA,0,NA,0,NA,NA,0
2014,2,5,NA,0,NA,0,NA,0,NA,0,NA,0,NA,NA,0
2014,2,6,NA,0.25,NA,0.25,NA,0.25,NA,0.25,NA,0.25,NA,NA,0.25
2014,2,7,-8.55,1,969.41,1,17.01,1,208.38,1,89.84,1,16.9,208.44,1
2014,2,8,-6.89,1,975.81,1,13.57,0.75,193.6,1,94.35,1,13.28,192.83,0.75
2014,2,9,-8.32,1,985.7,1,8.38,1,211.43,1,86.44,1,8.24,210.97,1
2014,2,10,-8.91,1,991.34,1,8.69,0.875,214.64,1,77.71,1,8.48,211.27,0.875
2014,2,11,-10.7,1,996.16,1,7.57,0.75,218.2,1,82.25,1,7.4,215.91,0.75
2014,2,12,NA,0.625,1003.69,0.875,3.11,0.875,187.84,0.875,75.87,0.875,0.41,267.04,0.875
2014,2,13,NA,0.375,NA,0.375,NA,0.375,NA,0.375,NA,0.375,NA,NA,0.375
2014,2,14,-12.9,1,990.32,1,7.36,1,180.43,1,82.84,1,7.02,179.39,1
2014,2,15,-14.67,0.75,996.54,1,3.05,1,184.68,1,74.51,1,2.76,180.98,1
2014,2,16,-15.27,0.75,989.21,1,2.72,1,174.9,1,79.65,1,2.33,178.83,1
2014,2,17,-16.74,0.875,979.48,1,4.04,1,195.61,1,76.38,1,3.9,193.37,1
2014,2,18,-16.63,0.75,975.75,1,3.89,1,226.65,1,69.39,1,3.39,224.98,1
2014,2,19,-14.51,0.875,978.96,1,5.46,1,212.09,1,83.25,1,5.36,211.82,1
2014,2,20,-14.24,1,978.71,1,5.47,1,202.93,1,78.75,1,5.13,209.21,1
2014,2,21,-17.08,0.75,974.8,1,3.81,1,196.39,1,76.38,1,3.52,193.72,1
2014,2,22,-18.09,1,980.74,1,7.46,0.875,191.39,1,79.94,1,7.42,191.79,0.875
2014,2,23,-16.96,1,982.36,1,5.16,1,182.94,1,72.06,1,5.1,184.95,1
2014,2,24,-19.44,1,977.11,1,4.47,1,182.52,1,74.21,1,4.32,184.1,1
2014,2,25,-19.19,1,972.75,1,3.51,1,120.29,1,70.09,1,3.44,120.1,1
2014,2,26,-20.68,0.75,978.86,1,2.29,1,181.98,1,72.45,1,1.76,146.69,1
2014,2,27,-19.3,0.75,980.9,1,2.26,1,171.41,1,79.81,1,0.17,337.11,1
2014,2,28,-19.3,0.875,977.95,1,6.69,0.875,140,1,74.38,1,5.81,139.67,0.875
2014,3,1,-22.69,0.875,980.31,0.875,3.11,0.875,214.49,0.875,73.69,0.875,2.81,207.73,0.875
2014,3,2,NA,0,NA,0,NA,0,NA,0,NA,0,NA,NA,0
2014,3,3,NA,0.25,NA,0.25,NA,0.25,NA,0.25,NA,0.25,NA,NA,0.25
2014,3,4,-24.9,0.875,988.35,1,3.1,1,204.33,1,71.81,1,2.89,189.9,1
2014,3,5,-23.87,0.75,986.16,1,3.58,1,207.95,1,66.66,1,3.36,201.99,1
2014,3,6,-22.3,1,988.35,1,8.22,1,196.52,1,72.89,1,8.14,196.42,1
2014,3,7,-25.26,1,988.94,1,5.04,0.875,206.99,1,76.69,1,4.96,204.25,0.875
2014,3,8,-25.18,1,985.85,1,2.85,1,214.79,1,75.2,1,2.75,213.52,1
2014,3,9,-24.36,1,986.09,1,3.01,1,166.49,1,71.5,1,2.92,159.42,1
2014,3,10,-24.67,0.75,989.73,0.75,5.9,0.75,160.6,0.75,78.77,0.75,5.82,160.58,0.75
2014,3,11,-27.25,0.75,994.6,0.75,13.17,0.75,188.35,0.75,77.15,0.75,12.94,188.66,0.75
2014,3,12,NA,0.125,NA,0.125,NA,0.125,NA,0.125,NA,0.125,NA,NA,0.125
2014,3,13,-21.33,0.875,990.4,1,9.07,1,206,1,81.11,1,8.96,205.46,1
2014,3,14,-26.04,1,981.58,1,4.58,0.75,118.09,1,77.54,1,4.36,78.49,0.75
2014,3,15,-22.6,0.875,987.57,0.875,4.97,0.875,140.89,0.875,71.23,0.875,4.83,143.02,0.875
2014,3,16,-24.05,1,987.92,1,4.5,1,95.84,1,75.35,1,4.15,106.82,1
2014,3,17,NA,0.5,982.28,1,1.68,1,226.94,1,83.62,1,0.78,338.65,1
2014,3,18,-19.98,1,981.21,1,NA,0.25,212.14,1,83.86,1,NA,NA,0.25
2014,3,19,-17.59,1,976.26,1,4.01,1,240.54,1,85.78,1,3.58,234.83,1
2014,3,20,-15.57,1,973.46,1,8.63,0.875,226.71,1,86.81,1,8.32,223.77,0.875
2014,3,21,-14.22,1,968.84,1,NA,0.625,217.28,1,89.74,1,NA,NA,0.625
2014,3,22,-18.01,0.875,974.32,1,10.65,0.75,199.35,1,84.41,1,10.51,204.89,0.75
2014,3,23,-23.54,0.875,979.38,1,4.19,1,152.57,1,75.12,1,4.03,141.89,1
2014,3,24,-24.21,1,980.18,1,9.53,1,170.43,1,78.92,1,9.41,171.66,1
2014,3,25,-26.14,1,978.21,1,13.72,1,180.15,1,78.76,1,13.71,180.25,1
2014,3,26,-29.62,1,979.3,1,12.07,1,183.46,1,75,1,12.02,182.86,1
2014,3,27,-32.23,1,978.61,1,4.89,0.875,221.26,1,71.19,1,4.61,207.25,0.875
2014,3,28,-30.79,0.875,971.68,1,3,1,308.54,1,72.89,1,2.59,308.8,1
2014,3,29,-27.28,0.75,978.64,1,3.12,1,306.7,1,76.83,1,3.02,350.28,1
2014,3,30,NA,0.5,983.24,1,3.51,0.875,235.96,1,76.74,1,2.34,213.77,0.875
2014,3,31,NA,0.5,963.56,1,NA,0.5,NA,0.5,74.4,1,NA,NA,0.5
2014,4,1,NA,0.625,968.21,1,NA,0.625,232.04,0.875,75.59,1,NA,NA,0.625
2014,4,2,NA,0.625,981.36,1,NA,0.625,210.27,0.75,76.04,1,NA,NA,0.625
2014,4,3,-30.95,0.75,985.29,1,NA,0.125,NA,0.125,73.55,1,NA,NA,0.125
2014,4,4,NA,0.375,974.14,1,NA,0.375,NA,0.375,69.6,1,NA,NA,0.375
2014,4,5,NA,0.25,968.29,1,2.64,1,190,1,73.66,1,1.73,225.3,1
2014,4,6,-29.02,1,977.1,1,12.32,0.75,204.86,1,75.89,1,12.22,204.55,0.75
2014,4,7,NA,0.625,980.29,1,6.49,1,201.76,1,72.05,1,6.3,196.31,1
2014,4,8,-34.83,0.875,979.6,1,NA,0.625,NA,0.625,69.67,1,NA,NA,0.625
2014,4,9,-33.7,0.75,980.75,1,3.87,0.875,231.71,0.875,70.54,1,2.74,219.57,0.875
2014,4,10,NA,0.5,974.91,1,NA,0.375,228.14,1,80.3,1,NA,NA,0.375
2014,4,11,NA,0.5,972.29,1,NA,0.625,194.64,1,70.55,1,NA,NA,0.625
2014,4,12,NA,0.625,972.76,1,9.51,0.875,210.11,1,74.74,1,9.32,208.51,0.875
2014,4,13,-22.98,0.75,971.15,1,NA,0.625,244.68,1,83.19,1,NA,NA,0.625
2014,4,14,-21.19,1,977.92,1,10.46,1,214.69,1,84.08,1,10.35,212.96,1
2014,4,15,-24.56,0.875,981.92,1,7.39,0.875,218.94,1,81.22,1,7.26,220.39,0.875
2014,4,16,-22.66,0.875,978.42,1,NA,0.625,223.54,1,80.49,1,NA,NA,0.625
2014,4,17,-13.08,0.75,985.9,1,NA,0.375,204.3,1,79.61,1,NA,NA,0.375
2014,4,18,-17.93,0.75,986.19,1,6.83,0.75,223.57,1,78.94,1,6.21,218.77,0.75
2014,4,19,-27.3,0.75,978.44,1,2.38,1,175.72,1,77.38,1,1.6,186.5,1
2014,4,20,-30.38,1,979.05,1,3.3,1,219.59,1,73.36,1,3.1,214.33,1
2014,4,21,-28.7,1,994.09,1,3.26,1,228.54,1,72.19,1,1.63,219.85,1
2014,4,22,NA,0.625,1000.93,0.75,2.73,0.75,231.48,0.75,70.32,0.75,1.83,209.28,0.75
2014,4,23,-32.86,0.875,987.8,1,1.95,1,92.26,1,73.29,1,0.92,23.45,1
2014,4,24,-36.1,1,985.29,1,3.34,1,215.35,1,68.12,1,3.05,207.92,1
2014,4,25,-36.95,1,988.38,1,2.92,1,175.51,1,67.99,1,0.78,290.39,1
2014,4,26,-34.92,0.75,986.45,1,3.56,1,134.68,1,69.84,1,3.06,141.81,1
2014,4,27,-40.38,0.75,984.18,1,2.12,1,165.4,1,63.11,1,0.9,157.9,1
2014,4,28,-41,0.75,976.58,1,2.39,1,195.81,1,62.48,1,1.65,208.61,1
2014,4,29,-42.95,1,975.51,1,1.5,1,229.83,1,59.75,1,1.17,240.73,1
2014,4,30,-43.1,1,975.18,1,NA,0.5,NA,0.5,59.51,1,NA,NA,0.5
2014,5,1,-43.39,1,974.74,1,2.32,1,115.92,1,59.05,1,1.59,169.32,1
2014,5,2,-44.71,0.875,982.5,1,2.36,1,104.51,1,58.38,1,0.56,112.96,1
2014,5,3,NA,0.375,987.31,1,2.08,1,171.4,1,63.44,1,0.92,189.17,1
2014,5,4,-19.35,0.75,989.22,1,9.25,0.75,216.51,1,85.84,1,9.12,214.72,0.75
2014,5,5,NA,0.625,989.86,1,8.82,1,206.72,1,79.9,1,8.72,207.73,1
2014,5,6,-28.53,0.875,984.46,1,6.47,1,219.48,1,76.53,1,6.26,217.53,1
2014,5,7,NA,0.125,NA,0.125,NA,0.125,NA,0.125,NA,0.125,NA,NA,0.125
2014,5,8,NA,0,NA,0,NA,0,NA,0,NA,0,NA,NA,0
2014,5,9,NA,0.375,NA,0.625,NA,0.375,NA,0.625,NA,0.625,NA,NA,0.375
2014,5,10,NA,0.625,977.08,1,9.32,0.75,186.12,1,80.05,1,9.09,195.42,0.75
2014,5,11,NA,0.625,989.29,1,10.31,0.875,209.3,1,82.99,1,10.27,209.3,0.875
2014,5,12,-16.09,1,986.61,1,15.86,1,198.9,1,88.36,1,15.79,198.67,1
2014,5,13,-11.7,1,989.8,1,13.84,0.875,192.15,1,91.96,1,13.82,192.12,0.875
2014,5,14,-13.34,1,983.48,1,6.7,0.875,199.29,1,89.05,1,6.67,198.76,0.875
2014,5,15,-18.97,0.75,982.85,1,5.94,1,194.07,1,82.03,1,5.9,193.72,1
2014,5,16,-20.21,1,983.18,1,6.64,0.875,193.7,1,79.26,1,6.32,192.33,0.875
2014,5,17,-24.05,1,978.24,1,5.71,0.875,184.84,1,70.83,1,5.7,184.84,0.875
2014,5,18,-29.7,1,979.88,1,8.96,0.875,196.21,1,71.54,1,8.91,192.46,0.875
2014,5,19,-30.84,1,982.58,1,NA,0.5,NA,0.625,73.17,1,NA,NA,0.5
2014,5,20,-26.24,0.875,986.42,1,NA,0.625,NA,0.625,78.75,1,NA,NA,0.625
2014,5,21,-29.85,0.75,994.74,1,4.88,0.75,216.97,0.875,74.58,1,4.77,211.17,0.75
2014,5,22,NA,0.375,986.05,1,NA,0,NA,0,72.46,1,NA,NA,0
2014,5,23,NA,0.25,NA,0.25,NA,0,NA,0,NA,0.25,NA,NA,0
2014,5,24,-33.14,1,979.72,1,NA,0.5,NA,0.5,71.16,1,NA,NA,0.5
2014,5,25,-30.23,0.75,994.62,1,1.36,0.875,226.27,0.875,73.65,1,0.94,285.74,0.875
2014,5,26,-34.21,0.875,988.6,1,1.09,0.875,130.69,0.875,70.04,1,0.51,356.25,0.875
2014,5,27,NA,0.625,982.94,1,NA,0.625,156.37,0.75,72.97,1,NA,NA,0.625
2014,5,28,-29.89,1,986.69,1,NA,0.625,224.43,0.875,74.84,1,NA,NA,0.625
2014,5,29,-29.97,0.875,979.5,1,6.17,0.75,194.41,1,75.47,1,5.92,194.03,0.75
2014,5,30,NA,0.625,969.38,1,12.17,0.75,205.85,1,84.47,1,12.01,206.4,0.75
2014,5,31,-16.11,1,970.56,1,17.79,0.875,206.79,1,88.78,1,17.72,207.96,0.875
2014,6,1,-22.1,0.875,980.7,0.875,11.42,0.75,220.61,0.875,83.13,0.875,11.23,214.96,0.75
2014,6,2,-25.62,1,969.09,1,NA,0.375,NA,0.625,79.2,1,NA,NA,0.375
2014,6,3,-29.04,1,985.16,1,NA,0.625,NA,0.625,76.36,1,NA,NA,0.625
2014,6,4,-33.43,0.75,989.79,1,6.53,1,210.74,1,71.2,1,6.41,209.97,1
2014,6,5,-37.45,1,987.12,1,NA,0.375,NA,0.375,66.22,1,NA,NA,0.375
2014,6,6,-38.63,0.75,983.26,1,NA,0,NA,0,66.04,1,NA,NA,0
2014,6,7,NA,0.5,972.5,1,5.51,0.875,289.63,0.875,76.02,1,4.91,284.91,0.875
2014,6,8,NA,0.5,970.61,1,NA,0.625,210.42,1,80.65,1,NA,NA,0.625
2014,6,9,-26.59,1,978.29,1,NA,0.125,229.83,0.75,78.46,1,NA,NA,0.125
2014,6,10,-31.37,0.875,973.74,1,NA,0.5,NA,0.5,72.92,1,NA,NA,0.5
2014,6,11,-33.56,0.875,973.69,1,NA,0.625,113.53,0.75,71.94,1,NA,NA,0.625
2014,6,12,-32.81,1,975.94,1,8.24,0.875,206.82,1,71.77,1,8.15,205.31,0.875
2014,6,13,-34.16,1,977.99,1,5.67,0.875,219.2,0.875,70.29,1,5.54,216.48,0.875
2014,6,14,-33.9,0.875,976.48,1,NA,0.25,NA,0.25,71.14,1,NA,NA,0.25
2014,6,15,-31.73,0.875,969.95,1,5.77,0.875,210.85,1,72.86,1,4.77,196.62,0.875
2014,6,16,-37.59,0.875,984.7,1,6.86,1,205.76,1,67.19,1,6.77,204.24,1
2014,6,17,-31.83,0.75,989.1,0.875,5.5,0.75,204.9,0.875,71.84,0.875,5.37,212.21,0.75
2014,6,18,NA,0,NA,0,NA,0,NA,0,NA,0,NA,NA,0
2014,6,19,NA,0,NA,0,NA,0,NA,0,NA,0,NA,NA,0
2014,6,20,NA,0,NA,0,NA,0,NA,0,NA,0,NA,NA,0
2014,6,21,NA,0,NA,0,NA,0,NA,0,NA,0,NA,NA,0
2014,6,22,NA,0,NA,0,NA,0,NA,0,NA,0,NA,NA,0
2014,6,23,NA,0,NA,0,NA,0,NA,0,NA,0,NA,NA,0
2014,6,24,NA,0.25,NA,0.5,NA,0.25,NA,0.5,NA,0.5,NA,NA,0.25
2014,6,25,NA,0.625,989.02,1,NA,0.5,NA,0.625,68.26,1,NA,NA,0.5
2014,6,26,NA,0.5,990.38,1,7.42,1,209.34,1,68.05,1,7.38,207.55,1
2014,6,27,NA,0.125,990.64,0.875,2.19,0.875,232.59,0.875,69,0.875,1.71,218.27,0.875
2014,6,28,-40.87,0.875,988.81,1,NA,0,NA,0,61.45,1,NA,NA,0
2014,6,29,-42.2,1,988.88,1,NA,0.5,NA,0.5,61.33,1,NA,NA,0.5
2014,6,30,NA,0.25,989.96,1,NA,0.25,NA,0.25,67.79,1,NA,NA,0.25
2014,7,1,NA,0.625,991.41,1,6.1,0.875,248.54,1,70.72,1,4.94,232.83,0.875
2014,7,2,-34.56,1,991.81,1,NA,0.375,NA,0.375,69.41,1,NA,NA,0.375
2014,7,3,-37.65,0.75,985.94,1,NA,0.5,NA,0.5,65.61,1,NA,NA,0.5
2014,7,4,-36.23,1,981.85,1,NA,0,NA,0,67.54,1,NA,NA,0
2014,7,5,NA,0.625,983.19,1,3.89,0.875,204.96,0.875,58.88,1,3.5,204.64,0.875
2014,7,6,-43.74,0.875,980.89,1,NA,0.625,NA,0.625,58.38,1,NA,NA,0.625
2014,7,7,NA,0.25,970.04,1,NA,0,NA,0,56.64,1,NA,NA,0
2014,7,8,-46.38,0.75,961.44,1,NA,0.5,NA,0.5,55.86,1,NA,NA,0.5
2014,7,9,-38.72,0.75,971.16,1,NA,0.375,NA,0.625,64.1,1,NA,NA,0.375
2014,7,10,-43.73,1,973.89,1,NA,0,NA,0,58.91,1,NA,NA,0
2014,7,11,-40.47,0.75,975.02,1,NA,0,NA,0,61.34,1,NA,NA,0
2014,7,12,NA,0.375,NA,0.375,NA,0.375,NA,0.375,NA,0.375,NA,NA,0.375
2014,7,13,NA,0,NA,0,NA,0,NA,0,NA,0,NA,NA,0
2014,7,14,NA,0.25,NA,0.25,NA,0,NA,0,NA,0.25,NA,NA,0
2014,7,15,-44.9,0.75,983.29,1,NA,0,NA,0,57.7,1,NA,NA,0
2014,7,16,-53.47,0.75,981.15,1,NA,0.125,NA,0.125,48.48,1,NA,NA,0.125
2014,7,17,NA,0.625,982.78,1,2.61,1,252.57,1,57.17,1,2.17,253.76,1
2014,7,18,-39.05,0.75,981.99,1,4.2,1,226.14,1,63.26,1,3.87,221.05,1
2014,7,19,NA,0.375,971.39,1,6.88,0.75,228.21,1,83.34,1,6.49,225.79,0.75
2014,7,20,-21.4,0.75,974.35,1,13.83,0.875,207,1,82.96,1,13.74,206.64,0.875
2014,7,21,-23.71,1,982.42,1,11.56,0.875,199.56,1,81.6,1,11.22,201,0.875
2014,7,22,NA,0.5,989.65,1,8.59,0.875,211.8,1,77.8,1,8.17,212.6,0.875
2014,7,23,-35.89,1,991.76,1,NA,0.375,NA,0.375,68.72,1,NA,NA,0.375
2014,7,24,-34.25,1,980.94,1,9.92,0.75,198.05,1,70.2,1,9.86,180.83,0.75
2014,7,25,-35.38,1,980.76,1,NA,0.5,127.46,1,68.84,1,NA,NA,0.5
2014,7,26,NA,0.5,997.44,1,NA,0,NA,0,64.09,1,NA,NA,0
2014,7,27,-34.45,1,988.15,1,NA,0,NA,0,70.15,1,NA,NA,0
2014,7,28,-36.64,0.875,994.45,1,NA,0.375,NA,0.625,66.91,1,NA,NA,0.375
2014,7,29,-43.47,0.875,1003.09,1,3.7,0.875,196,1,59.41,1,3.42,189.76,0.875
2014,7,30,-44.33,0.75,1002.98,1,NA,0.25,NA,0.25,57.09,1,NA,NA,0.25
2014,7,31,-45.35,0.75,1004.02,1,NA,0.375,NA,0.375,59.23,1,NA,NA,0.375
