No.,Station,Lat(℃),Lon(℃),Elevation(m),Institution,,,,,,,,,
1,Cape Hallett,-72.32,170.23,1,AMRC,,,,,,,,,
2,Pegasus South,-77.99,166.56,5,AMRC,,,,,,,,,
3,Bonaparte Point,-64.78,-64.07,8,AMRC,,,,,,,,,
4,Pegasus North,-77.95,166.5,8,AMRC,,,,,,,,,
5,Willie Field,-77.87,166.92,9,AMRC,,,,,,,,,
6,Pegasus,-78,166.64,10,AMRC,,,,,,,,,
7,Phoenix,-77.95,166.76,10,AMRC,,,,,,,,,
8,Dismal Island,-68.09,-68.83,12,AMRC,,,,,,,,,
9,Rothera,-67.57,-68.13,15,AMRC,,,,,,,,,
10,Spring Point,-64.29,-61.05,15,POLENET,,,,,,,,,
11,Larsen Ice Shelf,-67.01,-61.55,17,AMRC,,,,,,,,,
12,Racer Rock,-64.07,-61.61,17,AMRC,,,,,,,,,
13,Martha II,-78.38,-173.42,18,AMRC,,,,,,,,,
14,Zhongshan,-69.37,76.38,18,CHINARE,,,,,,,,,
15,Jennica,-74.69,164.12,20,PNRA,,,,,,,,,
16,Virginia,-74.95,163.69,20,PNRA,,,,,,,,,
17,Cape Spencer,-77.97,167.53,23,AMRC,,,,,,,,,
18,Cape Adams,-75.01,-62.53,25,AMRC,,,,,,,,,
19,Hugo Island,-64.96,-65.67,25,AMRC,,,,,,,,,
20,Laurie,-77.55,170.09,25,AMRC,,,,,,,,,
21,Nancy,-77.91,168.17,25,AMRC,,,,,,,,,
22,Santa Claus Island,-64.96,-65.67,25,AMRC,,,,,,,,,
23,Tiffany,-77.95,166.17,25,AMRC,,,,,,,,,
24,Herbie Alley,-78.1,166.67,30,AMRC,,,,,,,,,
25,Kirkwood Island,-68.34,-69.01,30,AMRC,,,,,,,,,
26,Pat,-74.88,163.1,30,AMRC,,,,,,,,,
27,Penguin,-74.33,165.13,30,PNRA,,,,,,,,,
28,Penguin Point,-67.62,146.18,30,AMRC,,,,,,,,,
29,Possession Island,-71.89,171.21,30,AMRC,,,,,,,,,
30,Scott Island,-67.37,-179.97,30,AMRC,,,,,,,,,
31,White Out,-77.87,168.16,30,AMRC,,,,,,,,,
32,Young Island,-66.23,162.28,30,AMRC,,,,,,,,,
33,Cape Denison,-67.01,142.66,31,AMRC,,,,,,,,,
34,Laurie II,-77.43,170.74,34,AMRC,,,,,,,,,
35,aws04,-72.75,-15.48,35,IMAU,,,,,,,,,
36,B9Berg,-67.24,148.46,35,AAD,,,,,,,,,
37,Cape Webb,-67.94,146.81,37,AMRC,,,,,,,,,
38,Cape Bird,-77.22,166.44,38,AMRC,,,,,,,,,
39,Lettau,-82.48,-174.59,38,AMRC,,,,,,,,,
40,Port Martin,-66.82,141.39,39,AMRC,,,,,,,,,
41,Limbert,-75.91,-59.26,40,AMRC,,,,,,,,,
42,Sofia,-74.82,163.23,40,PNRA,,,,,,,,,
43,Windless Bight,-77.73,167.67,40,AMRC,,,,,,,,,
44,Linda,-78.38,168.46,41,AMRC,,,,,,,,,
45,Martha I,-78.31,-172.5,42,AMRC,,,,,,,,,
46,Ferrell,-77.78,170.82,43,AMRC,,,,,,,,,
47,Lorne,-78.18,170.04,44,AMRC,,,,,,,,,
48,Prospect Point,-66.01,-65.34,44,POLENET,,,,,,,,,
49,Ferrell II,-77.83,170.82,45,AMRC,,,,,,,,,
50,Eric,-81.49,163.96,46,AMRC,,,,,,,,,
51,Vernadsky Station,-65.25,-64.25,46,POLENET,,,,,,,,,
52,AM02,-69.71,72.64,47,AAD,,,,,,,,,
53,Meeley,-78.52,170.18,49,AMRC,,,,,,,,,
54,aws14,-67.02,-61.5,50,IMAU,,,,,,,,,
55,aws15,-67.57,-62.12,50,IMAU,,,,,,,,,
56,aws17,-65.93,-61.85,50,IMAU,,,,,,,,,
57,AWS19,-70.95,26.27,50,IMAU,,,,,,,,,
58,Vito,-78.41,177.83,50,AMRC,,,,,,,,,
59,Carolyn,-79.9,175.95,52,AMRC,,,,,,,,,
60,Eder,-66.96,143.94,52,AAD,,,,,,,,,
61,Emilia,-78.43,173.19,52,AMRC,,,,,,,,,
62,Halley Bay,-75.5,-26.65,52,AMRC,,,,,,,,,
63,Gill,-79.82,-178.54,53,AMRC,,,,,,,,,
64,South Georgia 3,-54.49,-37.04,53,POLENET,,,,,,,,,
65,Schwerdtfeger,-79.82,170.36,54,AMRC,,,,,,,,,
66,Alexander (TT!),-79,170.76,55,AMRC,,,,,,,,,
67,Gould Knoll,-72.23,-100.59,56,POLENET,,,,,,,,,
68,Mary,-79.31,162.99,58,AMRC,,,,,,,,,
69,Elaine,-83.07,174.24,59,AMRC,,,,,,,,,
70,Marilyn,-79.9,165.77,62,AMRC,,,,,,,,,
71,Fossil Bluff,-71.33,-68.28,63,AMRC,,,,,,,,,
72,Backer Island,-74.43,-102.48,64,POLENET,,,,,,,,,
73,AM01,-69.44,71.42,65,AAD,,,,,,,,,
74,Manning,-78.75,166.85,66,AMRC,,,,,,,,,
75,Margaret,-79.98,-165.1,67,AMRC,,,,,,,,,
76,AWS18,-66.4,-63.37,70,IMAU,,,,,,,,,
77,Emma,-84,-175.05,76,AMRC,,,,,,,,,
78,Duthiers Point,-64.8,-62.82,78,POLENET,,,,,,,,,
79,Manuela,-74.95,163.69,78,AMRC,,,,,,,,,
80,Tom,-84.43,-171.48,79,AMRC,,,,,,,,,
81,Marlene,-83.65,-167.42,83,AMRC,,,,,,,,,
82,AmeryG3,-70.89,69.87,84,AAD,,,,,,,,,
83,Robertson Island,-65.25,-59.44,85,POLENET,,,,,,,,,
84,South Georgia 1,-54.87,-36.04,85,POLENET,,,,,,,,,
85,Sabrina,-84.24,-170.26,87,AMRC,,,,,,,,,
86,Butler Island,-72.21,-60.17,91,AMRC,,,,,,,,,
87,Eneide,-74.7,164.09,91,PNRA,,,,,,,,,
88,Deverall Island,-81.48,161.98,95,POLENET,,,,,,,,,
89,Cape Framnes,-66.01,-60.56,100,POLENET,,,,,,,,,
90,Marble Point,-77.44,163.75,108,AMRC,,,,,,,,,
91,Marble Point II,-77.44,163.76,111,AMRC,,,,,,,,,
92,Foyn Point,-65.24,-61.65,123,POLENET,,,,,,,,,
93,Apfel,-66.34,100.81,150,AAD,,,,,,,,,
94,Arelis,-76.72,162.97,150,PNRA,,,,,,,,,
95,Lepley Nunatak,-73.11,-90.3,159,POLENET,,,,,,,,,
96,Alessandra,-73.59,166.62,160,PNRA,,,,,,,,,
97,Evans Knoll,-74.85,-100.4,178,AMRC,,,,,,,,,
98,Franklin Island,-76.14,168.42,181,POLENET,,,,,,,,,
99,Fogle,-77.9,166.72,200,AMRC,,,,,,,,,
100,Jimmy,-77.87,166.81,200,AMRC,,,,,,,,,
101,Latady,-72.69,-78.03,200,BAS,,,,,,,,,
102,South Georgia 2,-54,-38.05,205,POLENET,,,,,,,,,
103,Thurston Island,-72.53,-97.55,225,AMRC,,,,,,,,,
104,Mount Siple,-73.2,-127.05,230,AMRC,,,,,,,,,
105,D-10,-66.71,139.84,243,AMRC,,,,,,,,,
106,Whitlock,-76.14,168.39,262,AMRC,,,,,,,,,
107,Rita ,-74.73,164.03,268,PNRA,,,,,,,,,
108,Fallone Nunataks,-85.31,-143.63,291,POLENET,,,,,,,,,
109,Ranvik,-68.86,78.04,339,AAD,,,,,,,,,
110,King Edwaed Pt,-54.3,-36.51,346,POLENET,,,,,,,,,
111,Maria,-74.63,164.01,355,PNRA,,,,,,,,,
112,aws05,-73.1,-13.17,360,IMAU,,,,,,,,,
113,Mulock,-79.03,160.19,378,AMRC,,,,,,,,,
114,Lanyon,-66.28,110.8,390,AAD,,,,,,,,,
115,Dolleman Island,-70.58,-60.92,396,AMRC,,,,,,,,,
116,Bear Peninsula,-74.55,-111.87,416,AMRC,,,,,,,,,
117,Rumdoodle,-67.72,62.81,430,AAD,,,,,,,,,
118,D-17,-66.73,139.7,438,AMRC,,,,,,,,,
119,Brianna,-83.89,-134.18,520,AMRC,,,,,,,,,
120,Buckle Island,-66.87,163.24,520,AMRC,,,,,,,,,
121,Elizabeth,-82.61,-137.08,523,AMRC,,,,,,,,,
122,Mount Paterson,-78.03,-155.023,538,POLENET,,,,,,,,,
123,J.C.,-85.07,-135.52,549,AMRC,,,,,,,,,
124,Silvia,-73.05,169.6,568,PNRA,,,,,,,,,
125,Flask Glacier,-65.75,-62.88,591,POLENET,,,,,,,,,
126,Leppard Glacier,-65.95,-62.88,612,POLENET,,,,,,,,,
127,Tombstone Hill,-72.45,169.72,620,POLENET,,,,,,,,,
128,BrownGl,-53.09,73.64,640,AAD,,,,,,,,,
129,Siple Dome,-81.65,-148.99,667,AMRC,,,,,,,,,
130,Inman Nunatak,-74.82,-98.88,678,POLENET,,,,,,,,,
131,White Island,-78.08,167.45,686,AMRC,,,,,,,,,
132,aws11 ,-71.17,-6.8,690,IMAU,,,,,,,,,
133,Wilson Nunatak,-80.04,-80.56,692,POLENET,,,,,,,,,
134,Uranus Glacier,-71.36,-68.8,753,AMRC,,,,,,,,,
135,Rambo Nunatak,-83.87,-66.39,784,POLENET,,,,,,,,,
136,Sutton,-67.08,141.37,871,AMRC,,,,,,,,,
137,Zoraida,-74.16,162.74,880,PNRA,,,,,,,,,
138,aws10,-79.57,-45.78,890,IMAU,,,,,,,,,
139,Bean Peaks,-75.96,-69.3,892,POLENET,,,,,,,,,
140,Minna Bluff,-78.55,166.69,895,AMRC,,,,,,,,,
141,Hutton Mountains,-74.08,-61.73,951,POLENET,,,,,,,,,
142,Harry,-83.01,-121.41,956,AMRC,,,,,,,,,
143,Swithinbank,-81.2,-126.18,959,AMRC,,,,,,,,,
144,Cordiner Peak,-82.86,-53.2,963,POLENET,,,,,,,,,
145,Mount Carbone,-76.32,-144.3,965,POLENET,,,,,,,,,
146,Erin,-84.9,-128.87,988,AMRC,,,,,,,,,
147,Lower Thwaites Glacier,-76.44,-107.77,999,POLENET,,,,,,,,,
148,Clarke Mountains,-77.34,-141.87,1025,POLENET,,,,,,,,,
149,Siple,-75.9,-83.92,1054,AMRC,,,,,,,,,
150,Traverse Mountains,-69.99,-67.55,1064,POLENET,,,,,,,,,
151,Mount Suggs,-75.28,-72.18,1122,POLENET,,,,,,,,,
152,aws06,-74.47,-11.52,1160,IMAU,,,,,,,,,
153,Lyon Nunatak,-74.83,-73.9,1191,POLENET,,,,,,,,,
154,Whichaway_Nunata,-81.58,-28.4,1196,POLENET,,,,,,,,,
155,Haag Nunatak,-77.04,-78.29,1197,POLENET,,,,,,,,,
156,Toney Mountain,-75.8,-114.66,1197,POLENET,,,,,,,,,
157,Shristi,-74.7,161.57,1200,AMRC,,,,,,,,,
158,Recovery Glacier,-80.82,-22.26,1220,AMRC,,,,,,,,,
159,Lucia,-74.95,161.77,1250,PNRA,,,,,,,,,
160,Pirrot Hills,-81.1,-85.14,1263,POLENET,,,,,,,,,
161,Austin,-75.99,-87.48,1292,AMRC,,,,,,,,,
162,aws16,-71.95,23.33,1300,IMAU,,,,,,,,,
163,Up Thwaites Glacier,-77.58,-109.03,1314,POLENET,,,,,,,,,
164,Panda100,-70.22,76.65,1352,CHINARE,,,,,,,,,
165,Jurassic,-74.54,-73.21,1361,BAS,,,,,,,,,
166,Jensen Nunatak,-73.08,-66.1,1374,POLENET,,,,,,,,,
167,DSS,-66.8,112.81,1376,AAD,,,,,,,,,
168,LawDome,-66.73,112.74,1376,AAD,,,,,,,,,
169,Ferrigno,-74.57,-86.91,1385,BAS,,,,,,,,,
170,Ski-Hi,-74.98,-70.77,1395,AMRC,,,,,,,,,
171,Gomez,-74,-70.61,1400,BAS,,,,,,,,,
172,Gomez Nunatak,-73.88,-68.54,1420,POLENET,,,,,,,,,
173,Doug,-82.32,-113.24,1433,AMRC,,,,,,,,,
174,Bennett Nunatak,-84.79,-116.46,1441,POLENET,,,,,,,,,
175,Sushila,-74.41,161.31,1441,AMRC,,,,,,,,,
176,Theresa,-84.6,-115.85,1454,AMRC,,,,,,,,,
177,Howard Nunatak,-77.53,-86.77,1502,POLENET,,,,,,,,,
178,Sky Blu,-74.79,-71.49,1510,AMRC,,,,,,,,,
179,Mount Bruce,-70.6,162.52,1513,POLENET,,,,,,,,,
180,Pecora Escarpment,-85.61,-68.55,1524,POLENET,,,,,,,,,
181,Sandra,-74.49,160.49,1525,AMRC,,,,,,,,,
182,Welch Mountains,-70.73,-63.82,1534,POLENET,,,,,,,,,
183,Byrd,-80.01,-119.44,1539,AMRC,,,,,,,,,
184,AGO Site,-77.52,-23.74,1545,AMRC,,,,,,,,,
185,Sofiab,-75.61,158.59,1552,PNRA,,,,,,,,,
186,Lonewolf Nunatak,-81.34,152.73,1554,POLENET,,,,,,,,,
187,D-47,-67.39,138.73,1560,AMRC,,,,,,,,,
188,Steward Hills,-84.19,-86.25,1582,POLENET,,,,,,,,,
189,Kathie,-78,-97.27,1607,AMRC,,,,,,,,,
190,Lola,-74.14,163.43,1621,PNRA,,,,,,,,,
191,A028,-68.41,112.22,1622,AAD,,,,,,,,,
192,Asgard,-77.6,161.07,1750,AMRC,,,,,,,,,
193,Lynn,-74.21,160.41,1772,AMRC,,,,,,,,,
194,Kominko-Slade,-79.47,-112.11,1801,AMRC,,,,,,,,,
195,LGB00,-68.66,61.11,1830,AAD,,,,,,,,,
196,Noel,-79.33,-111.08,1833,AMRC,,,,,,,,,
197,Mount Walcott,-85.4,-87.39,1849,POLENET,,,,,,,,,
198,LGB69,-70.84,77.07,1854,AAD,,,,,,,,,
199,Mt.Fleming,-77.53,160.28,1868,AMRC,,,,,,,,,
200,Modesta,-74.64,160.65,1924,PNRA,,,,,,,,,
201,Kohler Glacier,-76.15,-120.73,1929,POLENET,,,,,,,,,
202,Panda200,-70.97,77.19,1952,CHINARE,,,,,,,,,
203,Monte Cassino,-72.27,163.73,1954,POLENET,,,,,,,,,
204,Baldrick,-82.77,-13.05,1968,AMRC,,,,,,,,,
205,Butcher Ridge,-79.15,155.89,2030,POLENET,,,,,,,,,
206,MtBrown,-69.13,86,2064,AAD,,,,,,,,,
207,Janet,-77.18,-123.39,2085,AMRC,,,,,,,,,
208,Bowers,-85.2,163.4,2090,AMRC,,,,,,,,,
209,Irene,-71.65,148.66,2094,PNRA,,,,,,,,,
210,AGO-A84,-84.36,-23.86,2103,AMRC,,,,,,,,,
211,D-57,-68.2,137.54,2105,AMRC,,,,,,,,,
212,GF08,-68.49,102.18,2123,AAD,,,,,,,,,
213,Mount Sidley,-77.13,-125.97,2123,POLENET,,,,,,,,,
214,Brimstone Peak,-75.8,158.47,2138,POLENET,,,,,,,,,
215,Westhaven Nunatak,-79.84,154.22,2216,POLENET,,,,,,,,,
216,Mizuho,-70.7,44.29,2260,AMRC,,,,,,,,,
217,LGB35,-76.04,65,2342,AAD,,,,,,,,,
218,Panda300,-72,77.95,2344,CHINARE,,,,,,,,,
219,LGB46,-75.85,71.5,2352,AAD,,,,,,,,,
220,Paola,-72.83,159.19,2370,PNRA,,,,,,,,,
221,Whitmore Mountains,-82.68,-104.39,2374,POLENET,,,,,,,,,
222,aws08,-76,-8.05,2400,IMAU,,,,,,,,,
223,Mount Howe,-87.32,-149.55,2400,AMRC,,,,,,,,,
224,AGO-A81,-81.5,3.74,2410,AMRC,,,,,,,,,
225,Recovery Lakes 2,-81.71,8.58,2473,POLENET,,,,,,,,,
226,E-66,-68.91,134.62,2485,AMRC,,,,,,,,,
227,D-80,-70.04,134.88,2500,AMRC,,,,,,,,,
228,Giulia,-75.54,145.86,2510,PNRA,,,,,,,,,
229,LGB59,-73.45,76.79,2537,AAD,,,,,,,,,
230,Panda400,-72.86,77.38,2572,CHINARE,,,,,,,,,
231,Panda,-73.69,76.97,2584,AAD,,,,,,,,,
232,LGB10,-71.29,59.21,2620,AAD,,,,,,,,,
233,Taishan,-73.86,76.98,2626,CHINARE,,,,,,,,,
234,Bumstead Nunatak,-85.96,174.5,2649,POLENET,,,,,,,,,
235,D-85,-70.43,134.15,2651,AMRC,,,,,,,,,
236,Recovery Lakes 1,-82.81,18.9,2694,POLENET,,,,,,,,,
237,AuroraBN,-71.17,111.37,2714,AAD,,,,,,,,,
238,LGB20,-73.83,55.67,2741,AAD,,,,,,,,,
239,Henry,-89,-0.41,2781,AMRC,,,,,,,,,
240,GC41,-71.6,111.26,2791,AAD,,,,,,,,,
241,Eagle,-76.42,77.02,2825,CHINARE/AAD,,,,,,,,,
242,Allison,-89.88,-60,2835,AMRC,,,,,,,,,
243,Clean Air,-90,0,2835,AMRC,,,,,,,,,
244,Patrick,-89.88,45,2835,AMRC,,,,,,,,,
245,aws09,-75,0,2900,IMAU,,,,,,,,,
246,Lindsay,-89,-89.85,2940,AMRC,,,,,,,,,
247,Kelly,-89,-179.61,2950,AMRC,,,,,,,,,
248,Nico,-89,90.02,2979,AMRC,,,,,,,,,
249,Concordia,-75.1,123.4,3230,PNRA,,,,,,,,,
250,Dome C II,-75.11,123.35,3250,AMRC,,,,,,,,,
251,Dome C,-74.5,123,3280,AMRC,,,,,,,,,
252,Relay Station,-74.02,43.06,3353,AMRC,,,,,,,,,
253,AGO-5,-77.24,123.52,3519,AMRC,,,,,,,,,
254,AGO-4,-82.01,96.76,3597,AMRC,,,,,,,,,
255,aws12,-78.65,35.63,3620,IMAU,,,,,,,,,
256,JASE2007,-75.89,25.83,3661,AMRC,,,,,,,,,
257,Mt.Erebus,-77.53,167.13,3700,AMRC,,,,,,,,,
258,aws13,-82.12,55.03,3730,IMAU,,,,,,,,,
259,Panda1100,-79.01,76.99,3736,CHINARE,,,,,,,,,
260,Dome F,-77.31,39.7,3810,AMRC,,,,,,,,,
261,Dome Fuji,-77.31,39.7,3810,AMRC,,,,,,,,,
262,Panda_South,-82.33,75.99,4027,CHINARE/AMRC,,,,,,,,,
263,Dome_A,-80.37,77.37,4093,CHINARE/AAD,,,,,,,,,
264,Kunlun,-80.43,77.12,4093,CHINARE,,,,,,,,,
265,AWS_A,-75.55,-27.45,,BAS,,,,,,,,,
266,AWS_B,-75.58,-26.79,,BAS,,,,,,,,,
267,Wormold,-67.47,-68.14,,BAS,,,,,,,,,
